ISO_CODE,ISO_NAME,1970,1971,1972,1973,1974,1975,1976,1977,1978,1979,1980,1981,1982,1983,1984,1985,1986,1987,1988,1989,1990,1991,1992,1993,1994,1995,1996,1997,1998,1999,2000,2001,2002,2003,2004,2005,2006,2007,2008,2009,2010,2011,2012,2013,2014,2015,2016
AFG,Afghanistan,0.156962,0.155123,0.145738,0.146131,0.169756,0.145323,0.138256,0.143538,0.272304,0.217306,0.179391,0.196221,0.195196,0.217333,0.218008,0.215643,0.203141,0.204986,0.188691,0.171852,0.165978,0.151851,0.121648,0.112299,0.121625,0.133511,0.128442,0.117309,0.111775,0.111588,0.1207,0.11248,0.108629,0.111837,0.118458,0.120828,0.125627,0.109446,0.145311,0.180901,0.219736,0.234079,0.244653,0.259809,0.265748,0.27422,0.285303
ALB,Albania,2.062545,2.011569,2.238836,2.008563,2.057579,2.083139,2.193285,2.262862,2.497124,2.866653,2.849826,2.426347,2.460276,2.593516,2.749938,2.559291,2.52597,2.54853,2.466571,2.385462,1.987801,1.317849,0.716045,0.682725,0.736413,0.659344,0.660432,0.507545,0.578648,0.972673,1.0062,1.075421,1.248918,1.350672,1.409903,1.344544,1.343873,1.394059,1.395093,1.26505,1.384648,1.476388,1.441218,1.501637,1.650724,1.707743,1.777583
DZA,Algeria,1.207575,1.374259,2.034358,2.666209,2.217718,1.974244,2.475953,2.665642,2.875324,2.820308,2.757611,2.551801,2.572884,2.63261,2.666042,2.950033,3.00995,2.820995,2.778995,2.716292,2.556574,2.642085,2.842995,2.796791,2.644307,2.678303,2.598436,2.515187,2.493393,2.559031,2.606629,2.539405,2.631651,2.801259,2.747222,2.881444,2.987398,3.027208,3.104624,3.164661,3.180322,3.26205,3.451262,3.483056,3.6966,3.908491,3.847797
AGO,Angola,1.191541,1.113875,1.332318,1.413954,1.433636,1.286698,0.844159,1.326136,1.531392,1.481216,1.447261,1.293461,1.200732,1.199979,1.167603,1.203911,1.182966,1.172457,1.180621,1.163487,0.852658,0.865049,0.860852,0.838742,0.773126,0.83426,0.977171,0.994858,1.000764,1.038333,0.924401,0.878578,0.839204,0.890459,0.86239,0.756902,0.77629,0.779805,0.854902,0.910374,0.992354,0.959165,0.906247,0.948029,0.997605,1.062363,1.061352
AIA,Anguilla,0.338751,0.33613,0.34822,0.321434,0.356056,0.389693,0.365484,0.379177,0.432377,0.478789,0.658552,0.998418,1.065019,0.930969,0.88562,0.551121,0.458471,0.850774,0.765759,0.771411,0.733973,0.874162,0.88001,1.07354,1.376364,1.672955,1.60521,1.316831,1.185545,1.087999,1.399178,1.395523,0.927963,1.175373,1.095175,1.084173,0.993149,0.935903,1.139379,1.482365,1.739408,1.857705,1.820027,1.974129,1.976413,2.041796,2.044727
ATG,Antigua and Barbuda,2.199192,2.280382,2.84471,3.08606,2.553082,3.151171,2.604261,2.897838,2.722676,2.588432,2.561382,2.656138,3.307424,2.244288,2.717337,2.448722,2.738883,3.101224,3.610448,3.596474,3.65395,3.661184,3.584874,3.305245,3.462609,3.504424,3.467418,3.282411,3.142006,3.129215,3.324118,3.440603,3.295143,3.396446,3.50861,3.410463,3.355861,3.508283,3.478976,3.527972,3.713037,3.875013,3.84476,4.185527,4.201628,4.326552,4.344192
ARG,Argentina,3.629998,3.584285,3.567339,3.675715,3.624033,3.480629,3.608179,3.680593,3.652319,3.794701,3.653153,3.53224,3.404645,3.417717,3.301672,3.06873,3.386307,3.496578,3.604781,3.478491,3.248925,3.331957,3.373152,3.380962,3.5495,3.507431,3.808266,3.883533,3.94395,3.986925,3.870534,3.5655,3.32504,3.558394,3.955725,4.036489,4.243328,4.376176,4.645872,4.399362,4.542409,4.587847,4.51485,4.381993,4.597189,4.617263,4.582381
ARM,Armenia,4.278945,4.186978,4.396943,4.690224,4.968043,5.350843,5.412581,5.521144,5.613293,5.738261,6.003638,6.034306,6.11954,6.054356,5.989408,5.969776,5.921526,5.890808,5.810846,5.642375,5.811297,6.106417,3.162863,1.505539,0.843144,1.087609,0.807975,1.060229,1.109377,0.999101,1.156646,1.185966,1.018815,1.145715,1.242015,1.487609,1.510723,1.765357,1.952375,1.571456,1.431028,1.636305,1.637467,1.532966,1.515272,1.527887,1.574605
ABW,Aruba,0.138471,0.136299,0.137488,0.142525,0.153318,0.197088,1.06342,1.023148,2.977563,3.236468,3.450982,3.578905,3.861862,3.005604,3.288102,4.248218,3.005835,4.626974,3.904643,4.093886,4.018912,4.02468,4.122308,4.323265,4.182773,3.938022,0.474857,0.544821,0.85728,0.957129,1.596541,1.621567,1.557889,1.558033,1.439119,1.359893,1.333061,1.523405,1.419181,1.514272,1.784661,1.53122,1.511669,1.64205,1.636761,1.682128,1.697459
AUS,Australia,12.50223,12.3215,12.57939,13.10732,13.58284,13.98112,13.98082,14.71556,14.36618,14.56628,15.16599,15.02321,15.24236,14.15447,14.35629,15.09351,14.83949,15.24587,15.59725,16.24256,16.24812,16.08427,16.09053,16.1358,16.27755,16.65293,17.01647,17.35181,18.24432,18.54543,18.66872,19.13126,19.48897,19.77039,20.36939,20.31646,19.73539,20.41737,20.16989,20.04338,18.95996,18.97756,18.32341,17.84278,17.23815,17.60875,17.21945
AUT,Austria,7.025316,7.293847,7.566539,7.965335,7.627765,7.321195,7.994131,7.639553,7.916532,8.244558,8.006936,7.58819,7.312547,7.308923,7.535997,7.720614,7.537202,7.606395,7.396236,7.364655,7.929048,8.369915,7.661992,7.60951,7.626134,7.960662,8.412757,8.350711,8.418563,8.174535,8.220142,8.765426,8.9509,9.544022,9.64083,9.736343,9.373612,9.082319,9.143795,8.20318,8.930128,8.792819,8.610191,8.593714,8.121575,8.369108,8.468899
AZE,Azerbaijan,6.173539,6.062688,6.390013,6.820275,7.216369,7.887287,8.098948,8.359133,8.618719,8.889957,9.254357,9.401605,9.466456,9.612393,9.704205,9.712716,9.945772,10.14101,10.11539,9.988872,7.344095,7.057636,5.59415,4.84155,4.26351,4.101728,3.402373,3.204334,3.177571,3.26443,3.430025,3.231548,3.173001,3.439104,3.36987,3.543146,3.555404,3.197234,3.482154,2.881015,2.716937,3.036583,3.157372,3.204563,3.295106,3.50861,3.4547
BHS,Bahamas (the),16.35136,16.20411,18.64136,20.23286,15.62081,18.65059,15.40758,16.66007,17.44938,16.04964,14.75715,14.77453,11.8843,9.05336,9.195942,8.023698,8.31071,8.908712,9.254265,9.978035,10.06096,9.60667,8.260903,7.719015,8.21332,9.273034,10.29577,9.828314,9.286809,8.601613,7.917781,8.132799,8.009544,8.836581,8.74614,8.418121,8.501515,8.948948,9.000017,8.956758,9.534158,10.16242,10.04085,10.89833,10.91866,11.21067,11.26406
BHR,Bahrain,13.88623,13.52943,15.57252,18.76391,21.07203,20.53569,20.95061,21.67564,21.52651,21.63168,20.89506,21.53326,21.9964,24.35118,22.31124,25.72644,29.25203,27.38059,27.13574,26.02562,26.079,24.79222,25.20324,24.51165,23.99637,23.61157,23.93747,24.63573,25.30435,24.6002,23.8848,23.80992,23.75615,23.02651,18.23695,18.56156,17.04845,18.31248,16.57318,15.85016,15.51296,15.3797,15.18164,16.2092,16.77476,17.41699,17.10377
BGD,Bangladesh,0.047865,0.046668,0.048063,0.056287,0.059156,0.068966,0.072272,0.072087,0.075413,0.081726,0.089576,0.084881,0.089743,0.082234,0.083508,0.094899,0.102586,0.112542,0.11544,0.122374,0.127123,0.116094,0.128154,0.132086,0.140488,0.167934,0.167684,0.177946,0.178771,0.186279,0.197502,0.229346,0.236867,0.244433,0.247841,0.267734,0.279816,0.300578,0.337216,0.363917,0.392606,0.387577,0.39027,0.40274,0.413429,0.442645,0.456909
BRB,Barbados,2.046588,2.038733,2.258017,2.529894,2.042556,2.620724,2.419649,2.55443,2.74146,2.470999,2.460494,2.560258,2.481766,2.61845,3.023561,3.311888,3.713875,3.973147,3.622413,3.699807,3.700117,3.88107,3.854347,3.454988,3.347926,3.420943,3.459068,3.739036,4.042213,4.132953,4.465077,4.396362,4.377406,4.428048,4.432446,4.374422,4.289454,4.429204,4.355092,4.363065,4.525519,4.777975,4.700923,5.100407,5.159882,5.327294,5.408587
BLR,Belarus,7.246289,7.208989,7.683005,8.26115,8.625215,9.494237,9.56962,9.906701,10.03384,10.44342,10.52809,10.85359,10.72734,10.70433,10.50045,10.40861,10.43157,10.28829,10.1726,9.702852,10.60419,10.22722,9.229187,7.973981,6.808836,6.157013,6.241785,6.276652,6.174957,5.966565,5.821517,5.72604,5.777495,5.878862,6.451302,6.595137,7.095175,6.773706,7.087204,6.85744,7.438661,6.962201,7.058723,7.093549,7.050651,6.293902,6.609248
BEL,Belgium,14.48616,13.38289,14.53231,14.9882,14.82355,13.02333,13.9801,13.67609,14.10056,15.02685,13.89205,12.67132,11.87588,10.88364,11.15656,10.90017,10.94734,10.94694,11.15691,11.24299,11.48821,11.92368,11.63776,11.40772,11.79562,11.81755,12.32235,11.99039,12.28796,11.77829,11.85222,11.81872,11.03801,11.74084,11.3471,10.92195,10.58676,10.14001,10.41467,9.33825,9.946639,8.962264,8.440513,8.474506,7.978163,8.256059,8.309019
BLZ,Belize,1.811437,1.746181,2.093621,2.261587,2.090903,2.297684,1.936529,2.292691,2.261019,2.16238,2.351983,1.735475,1.577259,1.569873,1.722424,1.721179,2.222703,2.456549,1.979823,2.329616,2.655813,2.779927,2.573594,2.415063,2.402946,2.428319,2.366721,3.011921,2.679694,2.88672,2.823369,3.216676,3.00512,2.920729,2.911301,2.786096,2.74184,2.77276,2.664159,2.717397,2.941125,2.862523,2.807674,3.025278,3.001478,3.057075,3.035708
BEN,Benin,0.105464,0.119822,0.150281,0.151618,0.151738,0.166163,0.10767,0.122936,0.127452,0.139148,0.142264,0.115013,0.129998,0.124652,0.124343,0.142792,0.124252,0.109257,0.095797,0.081551,0.078288,0.066315,0.069805,0.06824,0.066996,0.066004,0.175243,0.216328,0.202115,0.216229,0.223852,0.261176,0.292901,0.318531,0.329436,0.350707,0.469043,0.519134,0.500346,0.522442,0.547873,0.556627,0.557411,0.576641,0.607195,0.594631,0.602175
BMU,Bermuda,4.994569,4.947606,6.877874,7.036134,6.033839,8.120432,6.540024,7.295087,6.644527,6.003031,6.471304,6.617026,6.529137,7.449165,7.768748,6.646432,6.909488,7.493343,10.27331,12.33,8.786453,7.808575,6.272229,6.260206,6.511521,6.603486,6.843485,6.082449,5.90474,5.902331,6.754806,6.970222,6.912192,7.177703,7.452992,7.201651,7.143622,6.922136,7.125818,7.245066,7.752442,8.510851,8.580693,9.49807,9.703655,10.15839,10.36226
BTN,Bhutan,2.293051,2.213501,1.671206,2.107257,2.113587,2.012174,1.72518,0.887616,1.726454,1.233367,1.496458,1.445591,1.407842,1.671047,1.505043,1.445909,1.259717,1.116326,1.115215,1.229583,1.367181,1.375352,1.273967,1.166487,1.616597,1.441913,1.460561,1.611362,1.512904,1.499478,1.06885,1.0709,0.916201,0.880223,0.929732,0.92712,1.006513,1.066487,1.140819,1.495351,1.601906,1.832434,1.812962,1.908384,1.985287,2.01379,2.107894
BOL,Bolivia (Plurinational State of),0.656074,0.786259,0.907848,0.83435,0.780847,0.875097,0.965002,0.915553,1.012113,0.898173,0.866815,0.907875,0.933876,0.934565,0.847048,0.794588,0.740181,0.756903,0.7824,0.892215,0.928716,0.946089,0.998343,1.148273,1.210121,1.094467,1.041153,1.111565,1.064429,0.991894,0.983529,0.904085,0.946668,1.013138,1.069877,1.128929,1.195897,1.275432,1.365227,1.417374,1.527831,1.625905,1.659401,1.652869,1.760164,1.782769,1.785663
BIH,Bosnia and Herzegovina,4.160949,4.115976,3.789669,4.092111,4.365597,4.428884,4.006168,4.31539,4.168433,4.047626,3.960281,4.49456,4.89121,5.174923,5.060744,5.201616,5.204757,4.926713,4.794762,4.876515,5.481367,5.008138,3.814304,3.318034,0.830296,0.909875,1.158348,2.321205,2.936218,2.885882,3.774173,3.723906,3.911332,4.002134,4.227815,4.434418,4.929181,5.206201,5.725029,5.71547,5.903874,6.715541,6.668547,6.702908,6.831988,7.190721,7.293784
BWA,Botswana,0.158647,0.154283,0.158892,0.161359,0.15298,0.197581,0.788266,0.861141,0.950112,0.976281,0.558929,1.408351,1.417613,1.35142,1.298996,1.346562,1.496254,1.514735,1.757396,1.8795,2.161601,2.076702,2.450062,2.367523,2.216763,2.242694,1.976289,2.056031,2.435833,2.42282,2.534574,2.33512,2.395901,2.328093,2.353019,2.47745,2.451312,2.389914,2.370736,2.230227,2.581405,2.354602,2.405829,2.505402,3.20026,3.026491,2.861524
BRA,Brazil,1.086793,1.056792,1.127865,1.273884,1.347038,1.38074,1.508074,1.520284,1.596164,1.671008,1.622783,1.474367,1.432228,1.328439,1.312115,1.350243,1.48284,1.485176,1.478925,1.466449,1.448351,1.467643,1.460911,1.495548,1.513938,1.610376,1.711986,1.790187,1.819847,1.841951,1.903942,1.891799,1.871369,1.818832,1.88754,1.880508,1.89745,1.961544,2.044854,1.891243,2.130762,2.198531,2.251378,2.376756,2.472822,2.393138,2.225937
BRN,Brunei Darussalam,14.18855,12.57261,14.10945,15.96325,15.47579,14.99964,16.47247,16.06495,16.17553,14.06213,17.06147,14.04442,14.73417,15.21134,13.83893,13.45349,13.00288,12.86185,13.11786,12.61722,12.86822,13.79107,14.10591,14.33679,14.95204,15.73872,16.06878,17.4612,14.51541,13.9447,14.51806,14.14987,13.67079,16.01377,14.53595,14.08473,20.6628,19.32682,20.97883,20.66589,18.74274,18.94591,17.84905,17.5132,16.78928,17.72636,18.13742
BGR,Bulgaria,8.242818,8.185436,8.411998,8.516945,8.639824,9.159852,9.24594,9.550531,9.837579,10.17558,10.48531,9.996398,10.21016,10.06869,9.877647,10.1296,10.2735,10.32326,10.23824,10.16626,9.267341,7.156192,6.896396,7.079294,6.931696,7.118195,7.301684,6.877043,6.512053,5.880408,5.878875,6.199531,5.909999,6.728912,6.558176,6.75475,6.977927,7.53746,7.199023,6.161931,6.566002,7.285842,7.251792,6.542882,7.048781,7.537466,7.135051
BFA,Burkina Faso,0.075439,0.074482,0.08642,0.077938,0.079713,0.0902,0.080172,0.082957,0.082287,0.094114,0.095344,0.090648,0.09169,0.086761,0.081777,0.082624,0.08374,0.100923,0.101355,0.100689,0.082479,0.096289,0.094881,0.096528,0.107679,0.109669,0.109378,0.131731,0.116791,0.109109,0.102512,0.104198,0.094451,0.09963,0.102383,0.105288,0.107194,0.116894,0.135446,0.128132,0.135297,0.135814,0.136384,0.13096,0.127984,0.125992,0.126455
BDI,Burundi,0.065007,0.062496,0.067528,0.065309,0.066388,0.071783,0.065343,0.067536,0.067343,0.076818,0.079144,0.074257,0.078703,0.074777,0.072169,0.074239,0.071631,0.084047,0.092268,0.095769,0.078059,0.090863,0.088784,0.091058,0.105768,0.108296,0.107541,0.122108,0.108057,0.099395,0.091534,0.10232,0.100333,0.108547,0.106851,0.102196,0.099231,0.104562,0.107164,0.099043,0.104546,0.107064,0.108167,0.106251,0.105905,0.104288,0.104154
CPV,Cabo Verde,0.14937,0.147519,0.158851,0.175253,0.18209,0.196581,0.284394,0.297435,0.317275,0.390928,0.379246,0.392154,0.150599,0.157345,0.183785,0.185248,0.099906,0.128122,0.141933,0.133629,0.131264,0.1412,0.134309,0.127289,0.113507,0.119202,0.122054,0.133179,0.12349,0.124846,0.176295,0.148556,0.148133,0.148598,0.150619,0.152225,0.150068,0.163966,0.166968,0.163808,0.17357,0.179094,0.180127,0.178352,0.18328,0.182315,0.184606
KHM,Cambodia,0.054186,0.053348,0.058316,0.059812,0.060915,0.07082,0.069436,0.089226,0.080677,0.086826,0.093096,0.095926,0.095014,0.093979,0.093209,0.099016,0.0963,0.10825,0.101908,0.095073,0.103525,0.093446,0.087965,0.085973,0.085113,0.138703,0.149382,0.155297,0.169888,0.16163,0.162436,0.174805,0.176789,0.185834,0.183066,0.200746,0.220708,0.253715,0.282865,0.291351,0.289988,0.308164,0.314918,0.319118,0.370912,0.389272,0.4112
CMR,Cameroon,0.132786,0.136519,0.137865,0.141351,0.134094,0.165582,0.149901,0.204079,0.215031,0.227538,0.234817,0.244063,0.251563,0.464721,0.474125,0.45111,0.521544,0.46406,0.296774,0.400699,0.388949,0.357566,0.334564,0.35312,0.716373,0.684737,0.631391,0.614418,0.620943,0.589909,0.586005,0.547681,0.51355,0.495533,0.497194,0.488112,0.486781,0.52655,0.530053,0.546764,0.503184,0.481349,0.356938,0.381537,0.386294,0.405706,0.404031
CAN,Canada,21.15818,21.20877,21.66911,22.23498,22.31225,21.48692,21.75501,22.16368,21.9762,22.33235,22.32444,21.25968,20.31392,19.88916,20.40506,20.17531,19.56553,19.73905,20.72104,21.08278,20.0247,19.87399,20.34665,20.33948,21.33576,22.36887,21.9313,21.77868,22.60871,22.19534,23.72042,23.57349,23.73226,22.7616,22.9081,22.36309,21.44082,21.51775,21.69064,20.08878,20.11065,19.85943,19.79156,19.79832,19.69417,19.01853,18.62035
CYM,Cayman Islands (the),5.112579,4.892529,6.761674,6.693414,5.427672,6.527111,4.772044,5.28532,4.250212,4.036749,3.971108,5.232976,4.720559,4.970645,5.262391,4.3683,4.731275,4.981094,9.547448,9.382421,8.977106,8.831403,8.375209,6.782923,7.418626,7.805707,7.567761,6.316304,5.80888,5.519502,5.521872,5.692629,5.415813,5.381381,5.745459,5.514888,5.291798,5.62177,5.610274,5.578399,5.777532,6.069553,5.989222,6.486387,6.495716,6.666618,6.678576
CAF,Central African Republic (the),0.070425,0.069722,0.071046,0.078033,0.080633,0.084291,0.082807,0.086673,0.086553,0.098852,0.090189,0.089499,0.091508,0.088337,0.083945,0.085625,0.088848,0.108523,0.098763,0.098596,0.079584,0.091141,0.090236,0.090437,0.103159,0.106157,0.099992,0.114299,0.102446,0.09851,0.094528,0.09674,0.092788,0.09649,0.095091,0.092394,0.092733,0.099684,0.102905,0.098697,0.105753,0.109469,0.112427,0.112354,0.116257,0.116396,0.11835
TCD,Chad,0.058827,0.057923,0.061617,0.060131,0.060415,0.064145,0.063467,0.066977,0.067557,0.078974,0.083989,0.078263,0.079468,0.07465,0.064028,0.065558,0.07141,0.084234,0.075213,0.074007,0.068277,0.075713,0.07559,0.069769,0.089834,0.091455,0.089494,0.101199,0.08774,0.088277,0.08069,0.082606,0.081172,0.097374,0.096741,0.093915,0.092847,0.100453,0.095003,0.088458,0.091081,0.091548,0.10285,0.105368,0.10893,0.116848,0.115237
CHL,Chile,2.861296,3.026406,3.077468,3.016326,2.789068,2.507731,2.503625,2.323049,2.347056,2.4455,2.395201,2.194988,1.835138,1.843535,1.917881,1.817894,1.812117,1.800629,2.145212,2.55216,2.49746,2.320449,2.367534,2.473328,2.665766,2.883685,3.280862,3.720762,3.711056,3.855405,3.534965,3.368499,3.333026,3.388061,3.643543,3.699628,3.743338,4.20636,4.325481,4.09781,4.306652,4.64381,4.523985,4.72975,4.370753,4.33415,4.539582
CHN,China,1.094628,1.072959,1.116444,1.138499,1.132418,1.267407,1.292607,1.426839,1.592456,1.610666,1.550265,1.507273,1.558255,1.604345,1.726601,1.705346,1.766281,1.850215,1.94468,1.967155,1.970448,2.038691,2.106778,2.339219,2.446648,2.686419,2.651309,2.693407,2.732562,2.663144,2.842698,2.956053,3.161377,3.634153,4.18302,4.685233,5.167762,5.607455,5.740824,6.08795,6.572528,7.136111,7.227067,7.541151,7.58725,7.472673,7.451965
COL,Colombia,1.46821,1.448048,1.456619,1.462433,1.539301,1.406496,1.465032,1.469446,1.486737,1.461378,1.460957,1.443507,1.433539,1.468771,1.459476,1.481582,1.465451,1.499783,1.485399,1.505629,1.512454,1.534663,1.561051,1.624042,1.588536,1.635294,1.590666,1.697531,1.702712,1.470785,1.508538,1.477771,1.399383,1.368179,1.355791,1.388871,1.346026,1.365379,1.362721,1.417584,1.385652,1.52587,1.472652,1.572815,1.595426,1.624988,1.594817
COM,Comoros (the),0.042061,0.041114,0.055157,0.047947,0.049396,0.060342,0.070206,0.075274,0.077267,0.085778,0.076742,0.079877,0.066988,0.067138,0.067186,0.061645,0.068136,0.083778,0.098222,0.096955,0.109285,0.111387,0.105657,0.101038,0.104771,0.112736,0.112286,0.123105,0.111049,0.110755,0.112351,0.121229,0.118629,0.117185,0.118037,0.114332,0.117997,0.130631,0.134653,0.129364,0.13653,0.138955,0.139124,0.135972,0.138164,0.136031,0.136209
COD,Congo (the Democratic Republic of the),0.144887,0.142102,0.142693,0.13957,0.142722,0.136549,0.129896,0.131239,0.127927,0.137777,0.132626,0.13866,0.108377,0.13868,0.132127,0.119999,0.109249,0.117092,0.118168,0.10855,0.095935,0.077882,0.067804,0.061432,0.07884,0.075949,0.076044,0.074458,0.072956,0.067369,0.054702,0.051791,0.052711,0.059302,0.043586,0.047285,0.047005,0.049633,0.049413,0.046825,0.047515,0.052429,0.049396,0.068166,0.085387,0.083023,0.083415
COG,Congo (the),1.219936,1.340767,1.252886,5.301533,7.403174,4.451707,4.182647,1.332281,0.823589,0.729841,0.919837,1.003368,1.126435,1.116481,1.070039,1.059624,0.999631,0.987357,0.952116,0.931093,0.883404,0.863005,0.82878,0.800721,0.744417,0.855335,1.027044,1.022894,1.180354,1.169747,1.245237,1.180942,0.751525,0.915066,0.904881,1.047296,1.13149,0.965793,0.977918,1.053719,1.105174,0.993655,0.934421,1.111974,1.051807,1.025699,1.016043
COK,Cook Islands (the),0.064044,0.062707,0.063652,0.062047,0.063291,0.069602,0.0637,0.06631,0.072706,0.075688,0.076611,0.078965,0.080889,0.080332,0.080137,0.063995,0.058593,0.065704,0.060544,0.058552,0.477542,0.63836,0.845293,0.871167,0.923978,0.650613,1.791373,1.35308,1.261542,1.518667,1.525572,1.32984,0.853422,0.830342,0.906102,1.201514,1.562103,1.323431,1.510082,1.470901,1.548478,1.569522,1.564303,1.725844,1.851028,2.002733,2.146793
CRI,Costa Rica,0.763444,0.744791,0.814876,0.903644,0.865071,0.928094,0.934726,1.14316,1.202883,1.17571,1.031156,0.929347,0.766137,0.755928,0.768866,0.788336,0.801452,0.827374,0.85198,0.937065,0.928259,0.978845,1.288065,1.265441,1.43107,1.401079,1.277468,1.241615,1.347694,1.319634,1.281693,1.361629,1.360621,1.451589,1.479988,1.546207,1.575836,1.740883,1.700309,1.612546,1.580444,1.610305,1.622596,1.662029,1.652546,1.694907,1.713763
CIV,Cote d'Ivoire,0.497092,0.484649,0.514506,0.50542,0.494295,0.512593,0.559736,0.529386,0.585622,0.522537,0.475196,0.416246,0.379052,0.428231,0.365947,0.323122,0.319288,0.298094,0.284663,0.264591,0.232389,0.232102,0.222049,0.228045,0.231266,0.244441,0.296138,0.351058,0.330099,0.431431,0.397211,0.391665,0.406212,0.314257,0.32708,0.344157,0.337943,0.323525,0.354639,0.328193,0.353017,0.33497,0.369184,0.388267,0.414401,0.430369,0.424325
HRV,Croatia,4.832526,4.717783,4.81689,5.077142,5.248269,5.296526,5.188168,5.261185,5.442976,5.923077,5.29861,5.0649,5.284554,5.502985,5.209654,5.383618,5.779889,5.44419,5.923841,6.008622,5.26166,3.757845,3.478276,3.600797,3.48479,3.632409,3.651766,4.077024,4.373022,4.448341,4.364039,4.632797,4.824803,5.146945,5.174558,5.206797,5.260781,5.665316,5.374846,5.018392,4.818823,4.775065,4.50956,4.416073,4.301766,4.443004,4.610022
CUB,Cuba,2.482205,2.448228,2.356465,2.510928,2.683719,2.720561,2.849239,3.075654,3.267002,3.298433,3.363674,3.371731,3.335263,3.584715,3.7525,3.472424,3.498636,3.62917,3.770078,3.872274,3.483351,2.661653,2.127793,1.929509,2.049136,2.170674,2.331706,2.547683,2.483485,2.555314,2.566536,2.472015,2.360903,2.293859,2.230116,2.304434,2.347503,2.429747,2.29569,2.946895,2.721905,2.573464,2.623612,2.527876,2.529116,2.599608,2.642532
ANT,Curacao,100.802,100.1069,96.01177,104.7542,94.15786,67.97792,72.3258,73.21934,62.22581,62.04247,58.63232,54.33691,48.96386,45.52463,44.6029,29.99324,28.64569,26.61153,23.37259,20.11203,18.13698,18.94237,19.74787,16.2112,18.3776,18.55131,19.0132,37.94163,40.08452,40.81908,43.11722,44.45388,42.87083,43.28378,45.20272,47.22526,45.50028,48.34198,46.11236,41.98044,33.37975,42.91356,42.28969,40.56067,43.10662,44.70279,45.0956
CYP,Cyprus,3.507082,3.492914,4.229422,4.358557,3.300666,3.322715,3.992421,4.188248,4.308605,4.55096,4.768191,4.539286,4.568847,4.533132,4.581922,4.463141,4.905535,5.605537,5.581369,5.78445,5.896483,6.487266,6.665693,6.7351,6.815984,6.540234,6.740473,6.694789,7.069672,7.19664,7.424202,7.134817,7.203274,7.826364,7.630675,7.628464,7.522225,7.783948,7.79649,7.477661,7.162441,6.844188,6.366904,5.508696,5.584274,5.71152,5.873869
CZE,Czechia,19.29095,19.2463,19.1492,18.82541,17.07194,17.60795,18.11976,18.96201,18.16588,19.1282,18.4009,18.2828,18.4243,18.47789,18.89345,18.64441,18.51994,18.55888,18.13697,17.32472,16.3906,14.84166,13.68257,13.27185,12.65273,12.7028,12.85229,12.74473,12.19706,11.50715,12.60806,12.55646,12.01279,12.5035,12.645,12.21606,12.39947,12.42066,11.92699,11.02154,11.43943,11.2025,11.00406,10.58776,10.17882,10.40523,10.54957
DNK,Denmark,12.60375,11.67024,12.01314,11.75623,10.4452,10.85817,11.94252,12.2354,12.19351,12.84739,12.74326,10.71651,11.18908,10.5008,10.82624,12.37782,12.50354,12.10241,11.34069,10.21184,10.32008,12.3582,11.20326,11.60232,12.32399,11.65542,14.15644,12.21505,11.42007,10.81033,9.995957,10.25863,10.15921,11.13438,10.08292,9.401622,10.82033,9.888667,9.238304,8.764067,8.707177,7.738408,7.461951,7.780222,6.974226,6.347604,6.65633
DJI,Djibouti,0.614143,0.579093,0.763426,0.646369,0.652584,0.711539,2.08822,1.741513,1.530791,2.074292,1.912223,1.820795,1.57677,1.253025,0.926928,0.923249,0.869608,1.126385,0.963438,1.70648,1.364966,1.583788,1.29571,1.255028,0.764982,0.807028,0.796937,0.837829,0.888453,0.869544,1.033671,1.118064,1.104218,1.153666,1.163128,1.224966,1.313509,1.385132,1.434009,1.438483,1.500062,1.543494,1.522132,1.557164,1.663756,1.580682,1.601753
DMA,Dominica,0.342708,0.340752,0.39664,0.443565,0.415874,0.508619,0.483772,0.510173,0.502747,0.487232,0.573009,0.659728,0.642047,0.65591,0.689255,0.681849,0.749546,0.961866,1.036867,1.110392,1.106597,1.114653,1.099223,1.119351,1.232348,1.279613,1.308594,1.35987,1.591441,1.690482,1.751496,1.877766,1.80941,1.827921,1.939749,1.870799,1.936407,1.990732,1.950593,2.000419,2.106404,2.184615,2.188581,2.393928,2.416755,2.500017,2.527436
DOM,Dominican Republic (the),0.845354,0.839906,1.065533,1.032123,1.077565,1.088057,1.091268,1.149843,1.144476,1.17833,1.186105,1.102579,1.047226,1.185987,1.216149,1.050287,1.150353,1.296884,1.275104,1.330416,1.113594,1.142765,1.302666,1.263105,1.44975,1.514294,1.600947,1.792544,1.99093,2.135968,2.163396,2.095081,2.246409,2.182141,2.139537,2.085502,2.245971,2.217826,2.270986,2.072496,2.086998,2.223783,2.242916,2.197545,2.141455,2.172419,2.213843
ECU,Ecuador,0.795247,0.696458,0.6771,0.824282,0.987546,1.046505,1.164754,1.320401,1.449467,1.527129,1.570114,1.691739,1.662234,1.519069,1.52666,1.596586,1.632827,1.475715,1.606374,1.572146,1.620386,1.581564,1.586362,1.505674,1.539334,1.636751,1.775762,1.844583,1.685424,1.487123,1.543949,1.579171,1.715613,1.707247,1.703219,1.957949,2.075199,2.17675,2.138779,2.342307,2.425471,2.488529,2.477449,2.550764,2.726299,2.615414,2.44303
EGY,Egypt,0.700253,0.675953,0.721622,0.654708,0.740819,0.782801,0.886487,0.897043,0.889929,0.941271,1.00975,1.114768,1.172714,1.273977,1.367536,1.39768,1.420364,1.49881,1.500321,1.553993,1.568608,1.559554,1.572465,1.554268,1.465665,1.526135,1.609733,1.678856,1.725184,1.784426,1.726661,1.877961,1.88695,1.902174,2.029881,2.232147,2.305975,2.422348,2.449292,2.468387,2.498877,2.562262,2.591594,2.337997,2.25753,2.233453,2.292344
SLV,El Salvador,0.413981,0.419196,0.471284,0.505384,0.501575,0.551051,0.546009,0.551795,0.577141,0.529725,0.437717,0.430342,0.39585,0.403684,0.38937,0.418593,0.411046,0.485539,0.473424,0.466038,0.490797,0.617525,0.68659,0.733778,0.842236,0.908768,0.799116,0.969468,1.008276,0.988367,0.979646,1.040183,1.040452,1.093187,1.095679,1.133414,1.194286,1.25652,1.126705,1.124939,1.081486,1.112926,1.136319,1.101949,1.091125,1.081261,1.081036
GNQ,Equatorial Guinea,0.096284,0.097491,0.102451,0.117351,0.1257,0.13685,0.151199,0.161336,0.168961,0.202937,0.187408,0.174953,0.173707,0.16517,0.150959,0.159509,0.167874,0.212898,0.160283,0.186832,0.162751,0.179648,0.158662,0.158373,2.165886,2.218277,2.289804,2.977047,3.460036,3.600655,3.595923,4.631842,3.592523,3.836792,4.096679,3.979015,3.73931,3.671002,3.297864,2.81294,2.78767,2.812653,2.245453,2.165915,2.048332,1.827456,1.767518
ERI,Eritrea,0.02478,0.023128,0.021389,0.021283,0.021194,0.017946,0.018676,0.018629,0.019034,0.020782,0.017798,0.017446,0.016957,0.016885,0.016395,0.017019,0.017329,0.015135,0.015133,0.014986,0.015368,0.015432,0.148881,0.21102,0.238876,0.260336,0.28379,0.265744,0.197486,0.204733,0.196628,0.208926,0.198804,0.185989,0.178196,0.152474,0.12981,0.124638,0.106484,0.109236,0.114791,0.131702,0.137298,0.134617,0.13609,0.134615,0.13821
EST,Estonia,29.35768,29.1682,29.84114,30.27432,30.26037,31.55292,30.7951,31.63238,30.99413,31.42978,30.69777,30.67324,30.13401,29.26812,28.31146,28.04937,28.31402,28.10117,28.40613,27.44106,23.54815,21.36288,15.81544,12.26978,12.74283,11.82386,12.50983,12.35388,11.9046,11.09583,10.91783,11.39711,10.99714,12.50503,12.88662,13.06908,11.96682,15.40058,14.24675,11.5618,13.95525,15.22031,15.30757,17.53362,16.2024,16.80214,17.10108
ETH,Ethiopia,0.050399,0.049299,0.044365,0.046447,0.04535,0.039683,0.038666,0.038856,0.039539,0.040941,0.04148,0.044611,0.039762,0.040749,0.037243,0.037627,0.043062,0.047943,0.048443,0.049121,0.049627,0.048404,0.03117,0.038607,0.042946,0.04702,0.050978,0.051799,0.053236,0.050851,0.055188,0.066143,0.066501,0.070177,0.073153,0.068472,0.07114,0.07558,0.079068,0.076965,0.071189,0.075557,0.083661,0.098678,0.102995,0.100448,0.102342
EU28,EU28,9.453676,9.396861,9.611427,10.03425,9.754765,9.470646,9.975404,9.921224,10.13724,10.49173,10.15579,9.704454,9.435669,9.331358,9.33795,9.406545,9.433196,9.50172,9.463166,9.430585,9.080136,8.953217,8.589356,8.364985,8.314485,8.436549,8.656216,8.45057,8.439469,8.292465,8.316822,8.432627,8.348648,8.517592,8.538746,8.433953,8.430698,8.315593,8.118031,7.414658,7.633935,7.323362,7.223527,7.05528,6.685052,6.748132,6.753034
FLK,Falkland Islands (the) [Malvinas],3.276931,3.332217,5.128399,5.191437,4.584235,6.428842,4.94751,5.731453,4.868522,4.506298,4.909305,6.675253,6.293888,7.039168,7.451769,7.56704,8.298776,8.967876,15.65372,14.69749,12.47362,11.52586,10.76894,9.16142,9.477906,10.46858,11.54368,10.01347,8.154945,7.769544,8.68949,8.708989,9.339877,9.074457,10.57331,10.53666,10.67351,11.46233,12.04328,12.21109,13.01517,14.39836,14.40261,15.7871,15.91533,16.49762,16.68989
FRO,Faroe Islands (the),0.023359,0.023616,0.02389,0.024653,0.025042,0.025123,0.025601,0.025933,0.026399,0.027033,0.027482,0.028014,0.028183,0.028366,0.028826,0.029174,0.029491,0.029753,0.030185,0.03061,0.031268,0.031606,0.032003,0.032405,0.032717,0.033167,0.033506,0.033655,0.034047,0.034395,0.035112,0.035674,0.036105,0.036563,0.037224,0.037819,0.037936,0.038174,0.038334,0.038575,0.038738,0.038979,0.03914,0.039381,0.039541,0.039619,0.039778
FJI,Fiji,0.458642,0.453468,0.408766,0.449943,0.48869,0.472364,0.481722,0.742832,1.204713,1.144584,1.014728,1.110731,0.93731,0.959987,0.763038,0.732604,0.67105,0.692288,0.681675,0.743811,0.796664,0.723968,0.636147,0.662133,0.713811,0.767523,0.823273,0.631091,0.641865,0.664843,0.654169,0.682017,0.783326,0.935726,1.023324,1.074299,1.140147,1.1179,1.200382,1.212617,1.365248,1.45528,1.483636,1.615762,1.689712,1.779875,1.894542
FIN,Finland,9.4985,9.298057,10.09931,11.01811,10.20197,10.05029,11.29559,11.1466,12.0753,11.99972,12.05234,10.05443,9.638116,9.265292,9.4791,10.34557,10.31893,11.21091,10.90306,10.86262,11.24508,11.32259,10.72007,10.91167,12.47456,11.85049,13.02778,12.60727,11.81255,11.62758,11.45079,12.5075,12.93722,14.46688,13.71204,11.27511,13.48409,12.95387,11.34645,10.85285,12.34822,10.8644,10.56271,10.61736,9.744623,9.01374,9.306174
FRA,France and Monaco,9.044773,9.188968,9.452604,10.05498,9.650045,8.843352,9.580086,9.223692,9.502969,9.605646,9.20707,8.251817,7.819805,7.440952,7.191919,6.953232,6.695009,6.536206,6.500865,6.717885,6.608766,6.9949,6.760643,6.39982,6.267521,6.393231,6.610206,6.434665,6.862395,6.72254,6.604884,6.676012,6.568275,6.624065,6.591166,6.613485,6.409557,6.26223,6.193739,5.857232,5.991443,5.498029,5.447565,5.518333,4.995382,5.033976,5.124163
GUF,French Guiana,5.040144,4.984225,5.454859,5.887756,4.54684,6.016014,5.201228,5.390473,5.761691,4.905865,4.636609,3.900428,4.346003,4.350383,3.914296,3.748937,4.237709,4.440474,5.265628,5.289382,5.73653,6.717219,5.518893,6.174228,5.965023,6.536491,6.550214,6.271449,5.834016,5.775754,5.198749,5.299208,5.166978,5.155283,5.081431,4.83456,4.742971,4.891449,4.778804,4.776581,5.145444,5.200554,5.094972,5.403815,5.328521,5.385523,5.339561
PYF,French Polynesia,0.302632,0.290676,0.324934,0.4469,0.494515,0.491924,0.508269,0.882268,0.966585,0.927787,0.813404,1.361357,1.675068,2.196769,2.774841,2.486504,2.924083,3.120699,2.814091,2.457386,2.261039,2.111646,1.94076,1.97155,1.319099,1.580259,1.639576,1.644477,1.835323,1.809189,1.888162,2.021404,1.99879,2.32765,2.461682,2.507419,2.298574,2.225051,2.276316,2.297853,2.540939,2.72621,2.782175,3.012548,3.182694,3.367147,3.583033
GAB,Gabon,1.117907,1.846532,1.938212,5.540996,5.564539,7.032105,8.038051,7.804586,8.52182,8.128843,7.633787,7.874258,7.681807,6.907473,7.697611,8.562927,6.094521,5.124169,5.245815,6.085037,5.816382,4.570349,4.507783,4.483347,4.321152,4.722917,5.175724,4.832694,5.374745,4.955795,4.791376,4.85096,4.547451,4.986101,4.397387,4.153406,3.62575,3.195868,3.27953,3.19073,3.138229,2.789256,2.788892,2.799459,2.862554,2.917674,2.875863
GMB,Gambia (the),0.079868,0.077679,0.075343,0.084374,0.083627,0.085438,0.108482,0.113409,0.118134,0.137702,0.134158,0.132092,0.114568,0.114656,0.116131,0.116737,0.121129,0.149674,0.131538,0.118435,0.105731,0.116578,0.110034,0.10945,0.109544,0.112258,0.1105,0.123505,0.113787,0.114073,0.119304,0.126576,0.120909,0.12438,0.121795,0.120146,0.121787,0.127583,0.129689,0.124774,0.13087,0.13172,0.131115,0.127106,0.127998,0.12511,0.124572
GEO,Georgia,5.496862,5.382714,5.668847,5.974643,6.238046,6.636685,6.7097,6.746487,6.915591,7.099311,7.273157,7.32628,7.213978,7.089354,7.001409,6.881164,6.758397,6.777728,6.628026,6.374199,6.385067,4.939372,3.930574,3.205475,2.099285,1.681442,1.353666,1.205904,1.089176,1.02457,1.102083,0.804854,0.711997,0.780245,0.863452,1.070496,1.190957,1.410619,1.258315,1.444482,1.356512,1.672675,1.711499,1.761488,2.032797,2.117665,2.190945
DEU,Germany,13.59042,13.48469,13.79779,14.41127,14.02054,13.28639,14.05493,13.82209,14.30902,14.9597,14.33863,13.92381,13.36934,13.56909,13.79624,13.84919,13.75579,13.58053,13.4414,13.21171,12.68204,12.3152,11.58732,11.40843,11.20825,11.13854,11.44964,11.03285,10.94046,10.53419,10.50823,10.71097,10.5195,10.39956,10.47843,10.0808,10.26147,9.953092,10.10726,9.371519,9.881045,9.635431,9.708021,9.915677,9.392506,9.374822,9.471944
GHA,Ghana,0.271046,0.268432,0.27336,0.271272,0.281742,0.293122,0.294726,0.298227,0.284415,0.247266,0.245181,0.287755,0.239105,0.145013,0.163069,0.18511,0.194254,0.200803,0.204901,0.22389,0.214543,0.19415,0.221438,0.222259,0.231333,0.240746,0.25534,0.260953,0.348105,0.369658,0.322184,0.332511,0.390896,0.349278,0.318663,0.334284,0.389452,0.394397,0.34669,0.409996,0.461152,0.495907,0.515334,0.538674,0.507037,0.506334,0.51312
GIB,Gibraltar,2.425203,2.400313,2.042186,2.04164,2.039201,2.125512,2.099414,1.982649,1.87232,2.604384,3.096288,2.888087,3.208092,2.89633,2.800471,3.014045,3.90191,4.327993,4.876118,4.688652,4.923865,7.057881,8.193989,8.243449,9.637456,9.467268,9.476542,9.722916,10.26585,10.60388,10.93517,11.16361,11.32794,11.45269,12.3603,12.77156,13.17424,12.99483,13.19957,14.31026,14.41348,13.76669,13.87236,14.66838,15.74595,16.17449,16.64849
GRC,Greece,3.358481,3.458792,4.213552,4.476319,4.350068,4.524344,5.012517,5.175309,5.380297,5.609355,5.559089,5.468423,5.541444,5.855045,5.966543,6.276718,6.219492,6.672509,7.117438,7.504285,7.66383,7.58717,7.642362,7.523496,7.598405,7.816441,7.733165,7.755268,8.071974,8.021043,8.662127,8.77132,8.772021,9.108917,9.003547,9.19693,9.078912,9.317244,8.959505,8.442999,7.843829,7.56699,7.334385,6.688472,6.430657,6.274688,6.057202
GRL,Greenland,0.013746,0.013818,0.013924,0.014204,0.01439,0.014488,0.014727,0.014985,0.015236,0.015593,0.015849,0.016154,0.016335,0.016551,0.016829,0.017086,0.017352,0.017591,0.017915,0.018258,0.018664,0.018969,0.019275,0.019631,0.019952,0.020288,0.020644,0.020877,0.021244,0.021554,0.022021,0.022432,0.022799,0.02316,0.023582,0.024051,0.024312,0.024644,0.024977,0.025311,0.025647,0.025938,0.026155,0.026433,0.026665,0.026897,0.027128
GRD,Grenada,0.378706,0.378865,0.470029,0.509933,0.4768,0.612373,0.563606,0.611186,0.600287,0.584048,0.686574,0.774079,0.770954,0.772177,0.825212,0.764737,0.874873,1.091725,1.094074,1.173351,1.505244,1.506561,1.488134,1.510077,1.727867,1.649443,1.792806,2.029925,2.026848,2.133467,4.194756,3.911499,3.959211,3.898616,3.77105,3.905436,4.094617,4.164705,3.892954,4.101446,4.830901,4.472558,4.481524,4.883197,4.957149,5.108155,5.185493
GLP,Guadeloupe,1.581792,1.554829,1.526382,1.72486,1.484956,1.768101,1.693539,1.751827,1.85191,1.731985,1.805592,1.948136,2.154898,2.2318,2.524991,2.355823,2.545831,2.841962,3.204564,3.259591,3.330239,3.739729,3.513063,3.585743,3.622506,3.570218,3.621653,3.599513,3.437759,3.575601,4.095188,4.158252,4.270611,4.307534,4.327536,4.166321,3.998226,4.213114,4.1483,4.263849,4.723573,4.698293,4.700889,5.156236,5.211693,5.407107,5.506752
GTM,Guatemala,0.439881,0.421557,0.454559,0.473336,0.477453,0.512339,0.494069,0.552819,0.597078,0.64907,0.635335,0.534096,0.472912,0.392018,0.430357,0.440391,0.370533,0.407403,0.3923,0.407641,0.415624,0.428458,0.492843,0.529324,0.561063,0.642057,0.609822,0.630117,0.772557,0.7475,0.813759,0.843359,0.869358,0.838299,0.865837,0.88862,0.881033,0.920101,0.813133,0.839151,0.80283,0.783668,0.772716,0.872402,1.104129,1.110523,1.116826
GIN,Guinea,0.133978,0.132045,0.140978,0.14264,0.144433,0.153274,0.1675,0.168135,0.166039,0.203482,0.193201,0.193393,0.192486,0.189511,0.174036,0.172571,0.18795,0.234328,0.223396,0.204519,0.184607,0.18142,0.152573,0.148146,0.141153,0.155175,0.15061,0.152105,0.143009,0.155698,0.154011,0.157597,0.155446,0.162871,0.160308,0.141792,0.141104,0.148125,0.166366,0.154064,0.160685,0.168242,0.165224,0.164454,0.169373,0.165919,0.167081
GNB,Guinea-Bissau,0.045497,0.044435,0.052917,0.047643,0.049545,0.057814,0.068418,0.07203,0.073715,0.088579,0.089436,0.092624,0.087355,0.084707,0.091459,0.095594,0.088519,0.109959,0.153007,0.14661,0.148115,0.163889,0.149525,0.14878,0.128677,0.134342,0.135365,0.147309,0.137555,0.137971,0.148265,0.153224,0.15381,0.159348,0.158622,0.15698,0.162664,0.171749,0.176319,0.170797,0.178501,0.181741,0.180459,0.17647,0.178144,0.175513,0.175113
GUY,Guyana,2.131096,2.11339,2.531603,2.600733,2.290144,2.820058,2.446318,2.618739,2.511545,2.330687,2.543867,2.672265,2.20652,2.105414,2.510094,2.428881,2.696051,3.037907,2.580717,2.245589,2.227688,2.357265,2.492284,2.502627,2.522789,2.420551,2.523007,2.78945,3.013191,3.277635,3.361504,3.521619,3.431588,3.384771,3.327715,3.23278,3.153398,3.31342,3.206069,3.322153,3.6209,3.628059,3.620577,3.956485,3.990982,4.163378,4.208353
HTI,Haiti,0.111691,0.11082,0.105567,0.109332,0.117103,0.11636,0.153219,0.157093,0.16111,0.154452,0.149392,0.127998,0.148354,0.159648,0.160819,0.162562,0.148413,0.156422,0.164715,0.165563,0.159315,0.152571,0.139112,0.11523,0.052604,0.142748,0.159285,0.183249,0.18288,0.1861,0.186232,0.197237,0.22251,0.209034,0.232999,0.239249,0.239868,0.251282,0.25589,0.254229,0.229528,0.236742,0.220498,0.227005,0.276643,0.283658,0.285824
HND,Honduras,0.444118,0.431528,0.437116,0.466618,0.443639,0.464443,0.473194,0.499012,0.487473,0.500403,0.502138,0.464598,0.442517,0.494723,0.492,0.429125,0.424237,0.457498,0.475472,0.513711,0.469385,0.460407,0.503144,0.513447,0.569843,0.658076,0.677477,0.679233,0.76781,0.757926,0.766017,0.87889,0.899775,0.975365,1.059139,1.054825,0.950834,1.148771,1.089496,1.007705,0.976875,0.986902,1.001942,0.992696,1.001835,1.01737,1.023082
HKG,Hong Kong,2.458514,2.425105,2.460624,2.446371,2.750463,2.658165,3.002508,3.37514,3.480522,3.145336,3.156043,3.355488,3.534685,4.01019,4.314013,4.43691,4.982543,5.35431,5.843703,6.011059,6.078007,6.50906,7.180745,7.529861,6.362289,6.280689,5.970102,5.46997,6.702167,7.034179,6.326512,6.450615,6.220721,6.595015,6.289367,6.310243,6.204191,6.60756,6.423915,6.842863,6.035329,6.701256,6.670361,6.772366,6.987614,6.413002,6.44745
HUN,Hungary,6.282486,6.442849,6.641453,7.052209,7.261641,7.381499,7.697515,8.059811,8.674607,8.551964,8.414699,8.404847,8.377466,8.031514,8.258172,8.167866,8.091769,8.194732,7.793741,7.633174,6.843294,6.494085,5.829333,5.90891,5.896863,5.916756,6.027662,5.916616,5.902485,5.939145,5.68613,5.821126,5.750416,6.063199,5.867303,5.884371,5.878496,5.773358,5.676636,5.085232,5.188317,5.01571,4.916243,4.797023,4.770941,5.106558,5.232708
ISL,Iceland,9.464524,9.804037,10.68116,12.11154,11.67292,10.85087,10.85279,11.07203,11.30905,11.59842,10.64524,10.11575,8.489487,8.547942,9.381879,8.808173,8.768153,8.819468,9.189277,9.12761,9.168953,8.877263,8.855868,9.141271,9.486296,9.105072,10.05017,9.612026,9.796259,9.860536,10.19513,10.45972,10.87471,10.64063,10.8836,10.59597,10.77318,11.23982,12.17751,12.03423,11.42488,11.05145,11.07331,11.23027,11.54362,11.70069,11.81893
IND,India,0.417492,0.410242,0.417927,0.405907,0.425896,0.444453,0.463804,0.461965,0.429576,0.452444,0.46189,0.501052,0.524745,0.544715,0.581922,0.596078,0.633645,0.662997,0.691009,0.72553,0.753404,0.786969,0.811886,0.827519,0.86064,0.906037,0.936112,0.961906,0.954654,1.014441,1.013744,1.011348,1.024295,1.036538,1.0707,1.107889,1.170999,1.223119,1.282828,1.438892,1.498698,1.566555,1.656181,1.685288,1.804662,1.847051,1.919423
IDN,Indonesia,0.260453,0.256782,0.2956,0.326113,0.355987,0.359606,0.378057,0.498438,0.569247,0.60468,0.593385,0.610756,0.601184,0.585024,0.582813,0.622155,0.675771,0.676971,0.724416,0.746094,0.883162,0.933616,0.960641,1.036614,1.086392,1.194561,1.244132,1.345633,1.337573,1.398617,1.389115,1.467821,1.481162,1.595596,1.599078,1.589523,1.668888,1.712238,1.679973,1.722019,1.744371,1.753832,1.77873,1.792418,1.915448,1.930612,2.030788
IRN,Iran (Islamic Republic of),2.626249,2.729685,2.961912,3.435464,3.55866,3.533956,3.963229,4.047989,3.834643,3.487189,2.886939,2.765926,3.221699,3.524089,3.367056,3.460392,3.094586,3.156139,3.073704,3.189672,3.589327,3.873989,4.082099,4.024777,4.536649,4.546523,4.668974,4.793454,4.69401,5.086913,5.286184,5.423745,5.589559,5.837549,6.195174,6.608627,7.012872,7.413186,7.473805,7.661419,7.624982,7.646211,7.730342,7.942882,8.110758,7.917019,8.001993
IRQ,Iraq,2.187781,2.448992,2.383861,2.508801,2.631731,2.922225,3.549479,3.175528,3.397717,4.066039,3.55436,2.490478,2.581081,2.774196,2.943054,3.220128,3.689351,3.610964,3.812422,4.155301,3.825378,3.052453,4.127868,5.303685,5.693199,5.556556,4.973663,5.631421,4.118912,3.251013,3.582241,3.678172,3.726387,3.408872,3.388814,3.300708,2.63848,2.801649,3.103268,3.603469,3.954966,4.096603,4.339698,4.496401,4.555776,4.451076,4.372209
IRL,Ireland,7.050701,7.789074,7.567353,7.305079,7.778031,7.180791,7.227969,7.601865,7.428875,8.599842,8.168804,8.011906,7.831672,7.677498,7.639912,8.065483,8.304406,8.755611,8.517797,8.805269,9.108803,9.233231,9.189706,9.196633,9.499844,9.572042,9.873808,10.14627,10.70835,10.95685,11.39304,11.78769,11.36929,11.03144,11.06301,11.27147,11.36553,10.83608,10.46161,9.1505,9.005296,7.929592,7.767525,7.577448,7.484722,7.913255,8.263544
ISR,"Israel and Palestine, State of",5.213366,5.061924,5.161163,5.327682,5.310857,5.401609,5.262975,5.364501,5.587114,5.568022,5.432754,5.540104,5.758315,5.854117,5.961673,6.28375,6.760179,7.264657,7.572652,7.708787,7.821105,7.725007,7.978492,8.432801,8.710976,9.023826,9.338756,9.399825,9.267695,9.324177,9.85708,9.663589,10.01239,10.11602,9.907234,9.394175,9.637846,9.759525,9.563656,9.227833,9.475654,9.221832,9.208718,8.345977,7.873683,8.120641,7.961122
ITA,Italy and San Marino and Holy See (the),5.816726,6.036584,6.304078,6.657968,6.683845,6.343861,6.781732,6.596893,6.697754,6.973486,6.99778,6.779265,6.621208,6.524156,6.616136,6.603688,6.607926,6.940868,7.037893,7.355236,7.413263,7.375117,7.333833,7.219494,7.101243,7.533306,7.460499,7.521234,7.715636,7.839525,7.904154,7.866075,7.965142,8.242374,8.368696,8.34308,8.214639,8.055732,7.777379,6.895909,7.035757,6.851793,6.58236,6.028732,5.738554,5.968797,6.029285
JAM,Jamaica,3.141009,3.101461,3.342893,4.275715,4.090305,3.842046,3.148383,3.42202,3.444103,3.415399,3.122978,3.050297,2.579482,2.542456,2.354182,2.075378,1.954633,2.053267,2.134251,2.714439,3.102563,3.059557,3.34366,3.37653,3.381902,3.457533,3.578791,3.618984,3.782554,3.854818,3.83989,3.83643,3.787176,3.883442,3.876237,3.874853,4.455355,4.392745,4.209565,2.955605,2.802903,2.887267,2.853543,3.035737,2.961789,3.061416,3.10645
JPN,Japan,8.156973,8.05983,8.334562,9.22874,9.132935,8.555034,8.671982,8.815893,8.734172,8.880402,8.583154,8.322137,7.898375,7.913046,8.411391,8.125429,8.029185,8.080289,8.597285,8.838343,9.265779,9.329615,9.364246,9.219913,9.67283,9.792559,9.817088,9.768233,9.4627,9.777218,9.845918,9.730564,10.02881,10.06008,10.04821,10.11009,10.09735,10.19743,9.532155,9.010913,9.481596,9.763359,10.1588,10.34861,10.02717,9.803124,9.684313
JOR,Jordan,0.901754,0.868235,0.980546,1.047462,1.06812,1.187461,1.389051,1.41246,1.639683,1.649729,2.018012,2.343547,2.517296,2.701545,2.924872,2.939382,3.051921,3.177868,2.869301,2.793453,2.861954,2.715202,3.045826,2.997107,2.992113,3.033682,3.0304,3.047824,3.029601,2.985621,3.056979,3.022969,3.163775,3.061564,3.35365,3.486936,3.410303,3.409467,3.1842,3.104685,2.877835,2.795591,2.740807,2.578632,2.632856,2.441308,2.407227
KAZ,Kazakhstan,12.26705,12.06498,12.76804,13.75986,14.50452,14.93722,15.56949,15.44355,16.36885,16.43014,17.10767,15.64449,15.03528,14.61627,14.08392,13.51025,13.25408,14.11167,14.36769,14.09823,15.18726,15.83665,16.13256,13.83708,12.65449,11.37487,10.09522,8.845085,9.290422,8.556947,8.730195,8.603039,9.428354,10.36907,11.19866,11.93449,13.22809,13.87323,16.11362,14.12719,14.93637,15.98582,14.67629,15.2841,13.7735,12.89097,12.88442
KEN,Kenya,0.329305,0.317955,0.32139,0.322176,0.312719,0.296907,0.325701,0.336367,0.323084,0.307192,0.316925,0.304185,0.273169,0.246625,0.275123,0.271136,0.292677,0.294194,0.281719,0.28846,0.27361,0.254366,0.248464,0.237497,0.230318,0.242045,0.256956,0.237399,0.248639,0.249878,0.269924,0.245672,0.232355,0.201268,0.224564,0.244924,0.265124,0.258597,0.265579,0.303377,0.318952,0.318638,0.30044,0.328527,0.337879,0.33404,0.336802
KIR,Kiribati,0.101375,0.100551,0.093834,0.095271,0.10344,0.10883,0.106028,0.14762,0.286101,0.245617,0.215496,0.768739,0.359935,0.435272,0.387796,0.414036,0.268206,0.306708,0.333867,0.279431,0.273529,0.319822,0.283203,0.281027,0.268862,0.285952,0.318313,0.272696,0.284133,0.269122,0.338485,0.340122,0.302967,0.311366,0.313941,0.304978,0.288892,0.249382,0.274289,0.309581,0.340372,0.362297,0.372385,0.398719,0.418911,0.440012,0.463312
PRK,Korea (the Democratic People's Republic of),5.758932,5.628018,5.68677,5.668156,5.742271,5.884396,6.091989,6.34863,6.113082,6.477222,6.732353,6.833158,7.016877,7.156037,7.224886,7.38236,7.139306,6.807608,6.874525,6.847408,6.452525,6.107843,5.316424,4.831759,4.368944,4.039097,3.547993,3.406517,2.782991,3.00646,3.206779,3.300434,3.134598,3.173174,3.211785,3.320809,3.353011,2.792161,3.068431,2.971124,2.798233,2.301502,2.296169,1.674345,1.867873,1.949687,2.311367
KOR,Korea (the Republic of),1.901915,1.880462,1.903885,2.303795,2.381717,2.538618,2.802388,3.135989,3.269244,3.65692,3.663877,3.78449,3.718961,3.989235,4.442056,4.595882,4.726379,4.816538,5.389442,5.607207,6.248407,6.753196,7.101731,7.715659,8.226039,8.841658,9.311511,9.723271,8.247947,8.944636,10.0935,10.32392,10.18143,10.20279,10.57452,10.53323,10.69743,10.7976,10.991,11.12667,11.96584,12.29124,12.1258,12.00244,11.87319,11.88384,11.89063
KWT,Kuwait,47.41696,46.8212,44.72665,37.98384,29.44931,24.05715,23.21868,21.70926,23.52851,25.81896,23.24258,21.1227,21.66448,22.32011,21.64567,23.36599,23.81624,24.27063,27.72907,31.4422,15.3228,24.59441,13.8844,18.95868,24.11473,24.66021,23.90937,23.8399,24.94106,25.30503,26.38424,27.13052,28.01021,28.84447,29.72118,32.60883,32.34662,30.74143,30.51665,30.90997,28.93159,28.32189,27.0337,25.28249,24.7197,25.41459,25.05981
KGZ,Kyrgyzstan,5.115337,5.007397,5.223254,5.430147,5.615863,5.830707,5.974217,6.037931,6.391172,6.418859,6.640019,6.248238,5.846812,5.47248,5.130462,4.886228,4.763751,5.078646,5.134343,5.07066,5.397715,4.795198,3.114983,2.267324,1.463861,1.019183,1.259676,1.223911,1.273722,0.999823,0.963527,0.807405,1.003335,1.122683,1.104185,0.81659,0.780023,0.958666,1.020829,0.766637,0.913477,0.939607,1.305575,1.229786,1.150236,1.153423,1.164729
LAO,Lao People's Democratic Republic (the),0.521526,0.501779,0.388778,0.480699,0.4849,0.481088,0.411729,0.251169,0.463198,0.346883,0.400859,0.391653,0.356235,0.418588,0.381063,0.359718,0.316642,0.297181,0.289012,0.310657,0.320276,0.31121,0.277631,0.245375,0.320801,0.275976,0.279142,0.304209,0.296773,0.299537,0.247383,0.250179,0.23729,0.239446,0.254761,0.260282,0.28872,0.283738,0.314579,0.396714,0.453157,0.484731,0.508199,0.539279,0.608729,0.630463,0.670307
LVA,Latvia,5.738123,5.696445,6.094057,6.438265,6.53913,7.101262,7.04064,7.34037,7.357946,7.734273,7.7252,8.034111,7.97565,8.049782,7.962158,7.898072,8.078527,8.005737,8.033287,7.870559,7.638588,6.98388,5.613165,4.806829,4.28791,3.806119,3.872467,3.660039,3.532468,3.279856,3.062718,3.238774,3.262226,3.391016,3.450441,3.547099,3.778106,3.999915,3.822235,3.508783,4.035283,3.726644,3.765029,3.793263,3.806048,3.964054,4.140689
LBN,Lebanon,2.336536,2.325142,2.471136,2.979883,2.961097,2.598083,2.415147,2.091455,2.542376,2.859824,2.878924,2.904282,2.127598,2.254772,2.286798,2.65594,2.804515,2.878657,2.22007,2.227097,2.210607,2.692377,2.820433,3.915218,4.201651,4.772591,4.893615,5.336746,5.263124,5.335968,4.698088,4.88759,4.648157,4.426491,4.294747,4.134518,3.831877,3.455368,4.314273,5.139998,4.736485,4.551472,4.28665,3.971232,3.980296,3.665651,3.637818
LSO,Lesotho,0.10092,0.098736,0.097342,0.104093,0.104968,0.110168,0.11293,0.114908,0.113485,0.132066,0.11728,0.113533,0.110901,0.107939,0.101873,0.105438,0.106538,0.13191,0.108476,0.11854,0.08636,0.098095,0.094593,0.094489,0.106316,0.109937,0.107424,0.122613,0.11316,0.121593,0.121196,0.123531,0.118901,0.124583,0.124283,0.121519,0.12071,0.129126,0.133822,0.126769,0.135786,0.140258,0.141565,0.139784,0.143263,0.143059,0.144745
LBR,Liberia,0.217416,0.20998,0.255007,0.232793,0.229894,0.253007,0.396058,0.395823,0.397825,0.519642,0.477096,0.473696,0.403972,0.409369,0.352345,0.367467,0.329122,0.439039,0.392997,0.309312,0.184491,0.155232,0.146578,0.149557,0.140264,0.142903,0.141938,0.157131,0.145804,0.147911,0.148137,0.158571,0.154534,0.162368,0.162795,0.173878,0.172808,0.178889,0.175655,0.161727,0.169534,0.172099,0.174126,0.175869,0.185434,0.181807,0.183657
LBY,Libya,15.85406,10.45328,7.709237,6.870388,4.663314,5.743281,6.655113,6.941571,7.217898,7.633909,8.666896,7.288863,7.874894,7.521686,7.665984,6.972051,7.796801,7.212574,7.685532,7.734522,7.995548,7.7212,7.706806,8.015603,9.033833,9.541863,9.952937,9.136068,8.967519,8.587546,8.952487,8.801133,8.94019,9.447112,9.356519,9.410031,9.225801,8.695404,8.797716,9.90258,10.49382,6.646099,8.657192,8.617305,8.147562,8.332159,8.377754
LTU,Lithuania,6.348063,6.31116,6.670781,7.094512,7.523582,8.123154,8.387128,8.633406,8.852917,9.078122,9.377972,9.413625,9.372482,9.328085,9.425077,9.382942,9.392697,9.351264,9.254933,9.074767,9.486156,10.01056,5.677325,4.414558,4.292029,4.13901,4.309857,4.187237,4.442332,3.768038,3.321656,3.562318,3.62542,3.655701,3.866593,4.135142,4.29151,4.752062,4.800074,4.040729,4.369239,4.398944,4.559808,4.254505,4.268441,4.54954,4.70284
LUX,Luxembourg,54.12109,50.16474,48.85579,52.3039,48.12065,37.88809,40.02592,37.82241,41.13685,38.50864,36.10879,30.58656,28.73221,26.9528,29.43601,29.88338,29.01416,27.42928,28.64627,30.47661,30.52232,31.38187,30.09115,30.21995,27.64774,21.74541,21.57349,20.01325,18.18871,18.81646,19.96135,21.08929,22.45369,23.25258,26.16058,26.30089,25.47974,23.7402,23.0166,21.24537,21.94336,21.18574,19.99331,18.41224,17.21556,17.29551,17.61221
MAC,Macao,0.301856,0.294897,0.392333,0.639968,0.721037,0.751028,0.792619,1.406545,1.169683,1.201369,1.349436,1.527051,1.517598,2.164111,2.000923,1.702237,2.041124,2.176453,2.178894,1.98812,1.910334,1.804601,1.763801,1.980373,1.591373,1.88484,2.296044,2.517202,3.064568,3.047051,3.101164,3.517186,3.488469,3.553972,4.285791,4.300856,3.87296,3.75088,3.75773,3.756993,3.968556,4.184562,4.16008,4.435961,4.600255,4.822259,5.07601
MKD,Macedonia (the former Yugoslav Republic of),5.28201,4.896175,4.972163,5.726264,5.871672,4.598437,4.919923,5.084083,4.970315,5.592882,4.96791,5.151528,4.499366,4.185489,4.742176,4.953836,5.064306,5.051318,5.302608,5.312086,5.583334,4.962906,4.398825,4.539681,4.400819,4.374083,5.12535,4.592223,5.017866,4.611705,4.436083,4.504813,4.2251,4.593065,4.453245,4.682032,4.683914,4.990357,4.888118,4.393406,4.411216,4.89586,4.743928,4.272123,4.048914,4.209001,4.277275
MDG,Madagascar,0.064661,0.063018,0.064185,0.068086,0.067927,0.071081,0.087737,0.090103,0.093292,0.107725,0.101784,0.096411,0.083097,0.092642,0.088484,0.092131,0.081861,0.10215,0.111595,0.091986,0.079568,0.09057,0.08905,0.089358,0.102011,0.106532,0.105333,0.117637,0.102583,0.103159,0.108268,0.114232,0.109382,0.112284,0.112562,0.112012,0.113145,0.122253,0.122477,0.116765,0.12307,0.125837,0.12597,0.122334,0.123826,0.121578,0.121528
MWI,Malawi,0.10195,0.099683,0.09741,0.098374,0.099074,0.109646,0.100516,0.097192,0.108098,0.11914,0.108157,0.101464,0.091264,0.079413,0.073016,0.074278,0.07285,0.085651,0.078454,0.079498,0.069801,0.081541,0.080692,0.079823,0.094413,0.097949,0.095452,0.109996,0.095233,0.098069,0.091505,0.094418,0.094116,0.093441,0.09409,0.094884,0.095215,0.09775,0.100249,0.096635,0.10075,0.100427,0.099231,0.099617,0.102673,0.099905,0.100309
MYS,Malaysia,1.257443,1.256349,1.232478,1.246589,1.448645,1.515921,1.6298,1.585976,1.701931,1.859304,1.953,2.024795,2.075134,2.25967,2.274393,2.316186,2.274435,2.27128,2.351525,2.687648,3.055786,3.547371,3.613266,3.823159,4.006774,4.209756,4.689756,4.882143,4.703123,5.015568,5.371809,5.466953,5.800429,6.051381,6.531202,6.856884,7.031241,7.559937,7.892829,6.970759,7.32206,7.415786,7.376346,7.806189,8.076092,8.140624,8.533703
MDV,Maldives,0.086455,0.084507,0.082245,0.076825,0.081585,0.085683,0.081886,0.112611,0.240101,0.197175,0.126195,0.161327,0.142931,0.141713,0.248439,0.258125,0.276412,0.297346,0.281841,0.249378,0.255843,0.249358,0.23513,0.268171,0.454014,0.635849,0.656523,0.539709,0.613304,0.650091,1.000949,1.102832,1.365325,1.531438,1.657806,1.688499,1.877934,1.876196,1.970542,1.91868,2.239532,2.373114,2.408155,2.554428,2.635822,2.751915,2.880875
MLI,Mali,0.044063,0.043174,0.043749,0.047651,0.047648,0.049679,0.056072,0.059617,0.06038,0.066628,0.066442,0.0723,0.063256,0.061387,0.060749,0.063038,0.060243,0.07127,0.066125,0.071021,0.061656,0.070227,0.07036,0.070527,0.088383,0.091227,0.089467,0.102492,0.088372,0.089238,0.083471,0.086588,0.08413,0.088344,0.085656,0.084009,0.083921,0.08925,0.091132,0.087595,0.092018,0.093162,0.093319,0.090635,0.09142,0.0895,0.089246
MLT,Malta,2.132029,2.131954,2.673323,2.559306,2.335841,2.096058,2.357939,2.479485,2.871163,2.773581,3.063833,3.437005,3.900109,2.857468,3.864917,3.348307,5.347872,5.560061,5.995785,6.446871,6.376805,6.025415,5.863131,7.520177,6.66793,6.276141,6.068191,6.397458,6.093521,6.132569,5.37425,6.249556,5.792691,6.482057,6.433118,6.714762,6.365186,6.72138,6.30669,6.004125,5.951114,5.978991,5.791453,5.060832,4.959671,5.097964,5.263099
MTQ,Martinique,1.481921,1.486973,1.722226,1.876098,1.59857,2.071825,1.886931,2.026429,2.13269,1.938357,2.056054,2.138164,2.079408,2.094936,2.068278,2.258835,2.451248,2.739836,3.314784,4.121692,4.320377,3.9204,4.238867,4.82086,4.782901,4.870491,4.917241,4.59138,4.458261,4.432755,4.307229,4.566946,4.483737,4.580948,4.86271,4.7609,4.793018,5.044345,5.030408,5.137452,5.478946,5.870036,5.91453,6.523838,6.644106,6.915753,7.053187
MRT,Mauritania,0.123386,0.121373,0.141776,0.132807,0.134939,0.148931,0.197346,0.194406,0.195674,0.239163,0.217204,0.226665,0.202794,0.203125,0.244678,0.247277,0.179525,0.227533,0.30659,0.309281,0.238288,0.275401,0.622204,0.597313,0.438785,0.460848,0.408421,0.421272,0.435817,0.429593,0.4804,0.505489,0.49492,0.501166,0.523341,0.52265,0.5785,0.597299,0.584068,0.560649,0.603452,0.6094,0.618826,0.606076,0.604648,0.593757,0.596359
MUS,Mauritius,0.17144,0.169528,0.199267,0.191046,0.193188,0.190965,0.312917,0.321276,0.313678,0.40432,0.422779,0.436372,0.369721,0.445129,0.433106,0.4695,0.66159,0.871831,0.911259,0.901694,0.900735,0.989635,1.006924,0.951126,0.665959,0.71448,0.74358,0.809683,0.833087,0.88917,1.234358,1.487667,1.349986,1.416863,1.758098,1.857933,1.98987,2.075913,2.205431,2.179398,2.296096,2.389344,2.412663,2.451005,2.53427,2.533613,2.533577
MEX,Mexico,2.285574,2.220396,2.370772,2.473562,2.643714,2.700478,2.802518,2.832717,3.080864,3.18623,3.439952,3.613238,3.766683,3.480485,3.468803,3.514085,3.394417,3.468799,3.387302,3.482394,3.388176,3.607039,3.57744,3.425846,3.605477,3.368497,3.469851,3.545541,3.688968,3.596896,3.700362,3.645959,3.663072,3.666765,3.690528,3.826451,3.854478,3.920104,3.810965,3.715924,3.83016,3.839466,3.955198,3.81898,3.658167,3.579359,3.448537
MDA,Moldova (the Republic of),4.565592,4.497988,4.753464,5.09917,5.428715,5.84296,6.09888,6.17076,6.365097,6.465395,6.713347,6.562251,6.592732,6.595047,6.58168,6.573131,6.693836,6.836752,6.822621,6.741668,7.306936,5.874185,4.649712,3.945011,3.209785,2.783931,2.413624,2.207566,2.007275,1.711225,1.594316,1.669825,1.708441,1.844921,1.858065,2.011148,1.950589,1.963411,1.931393,1.879927,2.034879,2.057394,2.050193,1.811522,1.953411,1.970205,2.034181
MNG,Mongolia,0.899818,0.871737,0.743251,0.554631,0.559826,0.544656,0.538399,0.55881,0.599497,0.968449,4.99166,4.607731,4.697405,4.728575,4.961329,6.213185,6.607999,6.847482,7.050894,6.541438,6.047382,6.689667,5.777092,5.273011,4.558506,4.49313,3.769435,3.66406,3.644059,3.637133,3.768013,3.723892,3.96162,3.794622,3.830388,3.846536,4.251325,4.434954,4.420647,4.537177,4.822694,4.908193,5.005515,5.299194,5.089169,5.278278,6.130119
MAR,Morocco,0.463235,0.459172,0.491295,0.553409,0.593303,0.6174,0.663981,0.721767,0.755511,0.807812,0.81661,0.806787,0.826167,0.851711,0.840135,0.858553,0.864594,0.871832,0.905239,0.967571,0.988123,1.000614,1.052372,1.028071,1.111392,1.120037,1.101651,1.150791,1.159007,1.203316,1.228986,1.322305,1.36064,1.319894,1.420227,1.51517,1.496021,1.536688,1.538419,1.513347,1.578865,1.663058,1.668766,1.61955,1.666871,1.649008,1.634404
MOZ,Mozambique,0.344104,0.337501,0.303244,0.315296,0.289819,0.24547,0.242015,0.229027,0.194773,0.177671,0.211384,0.181576,0.163677,0.146252,0.121484,0.119727,0.117024,0.11696,0.117533,0.115352,0.086476,0.070113,0.080865,0.091006,0.073859,0.078122,0.073477,0.07881,0.074328,0.071892,0.085412,0.100693,0.10274,0.126993,0.136136,0.126628,0.130547,0.15076,0.140215,0.146054,0.155405,0.169202,0.163142,0.171177,0.20381,0.204707,0.203443
MMR,Myanmar,0.176225,0.173393,0.167454,0.129259,0.146254,0.140024,0.146912,0.153661,0.15478,0.157479,0.16314,0.157574,0.158252,0.149998,0.161467,0.170048,0.174506,0.129382,0.121171,0.118645,0.109008,0.10584,0.111225,0.12244,0.141047,0.169175,0.174792,0.171937,0.184217,0.200659,0.215088,0.185252,0.182526,0.227303,0.214963,0.22559,0.20766,0.215517,0.162933,0.152022,0.167194,0.167228,0.175766,0.204435,0.291261,0.301796,0.315724
NAM,Namibia,0.696904,0.677116,0.6693,0.695817,0.706871,0.695801,0.642075,0.692203,0.651959,0.737293,0.69939,0.732369,0.706582,0.667205,0.64482,0.634257,0.477493,0.548948,0.630476,0.655845,0.536375,0.775703,0.820932,0.922264,1.029891,1.065924,1.11422,1.132858,1.136932,1.00147,0.961577,1.175488,1.003801,1.051169,1.107533,1.153912,1.150534,1.176872,1.332039,1.344206,1.387631,1.424724,1.465561,1.535394,1.570971,1.537686,1.573319
NPL,Nepal,0.020563,0.020596,0.026421,0.036872,0.035987,0.029026,0.024029,0.026496,0.024435,0.035396,0.038872,0.033008,0.036126,0.049036,0.051752,0.037897,0.049563,0.051224,0.050327,0.038781,0.054865,0.06622,0.067056,0.072706,0.086243,0.091672,0.094983,0.103042,0.106703,0.138836,0.14024,0.147295,0.117667,0.124662,0.116137,0.129448,0.106205,0.105612,0.116528,0.152504,0.177554,0.19855,0.224202,0.221757,0.255463,0.247924,0.270131
NLD,Netherlands (the),10.34481,10.29052,11.2891,11.64638,10.87583,10.18248,10.85475,10.65159,10.92078,11.50664,11.0002,10.80465,10.02948,9.650813,10.08788,10.23899,10.34609,10.53643,10.44226,10.58887,10.40663,10.80279,10.59256,10.84254,10.80898,10.87957,11.39731,10.78644,10.87906,10.47085,10.52679,10.76901,10.77331,10.85382,10.93239,10.62699,10.30166,10.32826,10.42834,10.02532,10.60381,9.860641,9.738281,9.66487,9.161625,9.514298,9.612899
NCL,New Caledonia,2.078509,1.961479,2.97793,4.981916,5.340631,5.322253,5.396509,9.363317,6.304424,7.07439,9.162334,8.860214,6.843119,6.461719,6.480831,5.422515,5.598207,6.079169,5.663336,5.561077,5.40033,5.518836,5.426186,5.593162,3.998646,4.95195,5.556586,5.820436,6.323606,5.867008,6.732827,7.29726,8.045265,7.882923,7.996301,8.142874,7.17002,6.600531,6.119507,6.131461,6.56001,6.913288,6.927481,7.413326,7.719421,8.108709,8.56673
NZL,New Zealand,5.361737,5.125068,5.775142,6.177366,6.412936,5.973967,6.496328,6.673982,6.246724,5.66314,5.66166,5.588163,6.068522,6.092077,6.194891,6.300239,5.964634,6.307265,6.64562,6.600174,6.980521,7.06435,7.452088,7.270507,7.256372,7.344121,7.604449,8.195275,7.992704,8.371156,8.583262,9.023529,8.910868,9.252405,8.778931,8.823931,8.725814,8.442712,8.563137,7.807574,7.704069,7.469177,7.483163,7.350494,7.305927,7.228351,7.140816
NIC,Nicaragua,0.667728,0.65204,0.653747,0.711329,0.742869,0.712987,0.793105,0.940576,0.820665,0.516568,0.599915,0.617235,0.582913,0.608407,0.542424,0.532587,0.61333,0.597918,0.530192,0.451248,0.466288,0.459063,0.522563,0.501888,0.562025,0.583109,0.606972,0.639324,0.730571,0.72564,0.744461,0.779493,0.794683,0.812639,0.828758,0.797796,0.832559,0.843772,0.798422,0.787449,0.831408,0.829325,0.838526,0.799064,0.839799,0.85993,0.865926
NER,Niger (the),0.066831,0.064221,0.06299,0.068633,0.068098,0.068929,0.078922,0.081909,0.086426,0.098287,0.101804,0.103743,0.09941,0.104297,0.099094,0.10499,0.093768,0.119568,0.119518,0.109465,0.092628,0.101736,0.095573,0.094197,0.10051,0.102695,0.100448,0.113582,0.099084,0.101714,0.099588,0.094643,0.101117,0.105759,0.1029,0.101511,0.102002,0.106361,0.108194,0.103139,0.107499,0.108251,0.113316,0.107787,0.112607,0.104793,0.100892
NGA,Nigeria,0.464931,0.666381,0.842016,0.989024,1.215047,0.908206,1.039433,0.899769,0.917671,1.259986,1.113501,0.899289,0.843582,0.82455,0.803553,0.816584,0.776457,0.719448,0.793242,0.789927,0.724683,0.768661,0.827015,0.77685,0.704197,0.726046,0.821049,0.798972,0.697976,0.681943,0.740789,0.768414,0.679341,0.70221,0.657311,0.658202,0.565961,0.51332,0.515851,0.46432,0.500792,0.53366,0.49375,0.47717,0.445172,0.453349,0.44427
NOR,Norway,9.394782,8.888697,9.584926,9.666622,9.209132,9.021505,9.487721,9.703399,9.372779,10.02801,9.544836,8.707549,7.846305,7.799298,8.245289,8.362746,8.90177,8.52585,8.738623,8.464984,8.447721,7.845161,8.425591,8.860632,9.26233,9.222886,9.260292,9.738587,10.05278,10.35526,9.19123,9.265833,9.057727,9.602862,9.606127,9.216667,9.280359,9.345094,9.212756,8.905987,9.268822,8.915546,8.508101,8.377992,8.296293,8.286784,8.277336
OMN,Oman,8.939498,8.641724,8.351086,8.070446,8.142978,25.84201,27.4155,25.96555,20.436,17.47445,10.07948,10.62759,8.828503,9.577786,7.939445,6.029244,6.848207,6.424394,6.873318,6.605029,8.29173,9.793598,8.905126,8.054769,7.043783,8.346272,8.657548,8.856452,8.662725,9.764704,10.81596,12.18377,12.82869,13.27944,12.80413,13.61209,16.56911,17.58941,19.27935,21.13729,21.45203,22.52887,21.47246,20.86079,20.66908,20.48491,19.87235
PAK,Pakistan,0.36647,0.371946,0.362677,0.365155,0.374696,0.40561,0.388975,0.398999,0.418164,0.437986,0.453353,0.468543,0.511999,0.516882,0.52879,0.567316,0.491107,0.552955,0.580462,0.580056,0.590654,0.585594,0.627238,0.66046,0.674723,0.70283,0.738175,0.747036,0.744462,0.795982,0.779102,0.780802,0.769261,0.780882,0.855821,0.853217,0.90867,0.987737,0.939288,0.938356,0.889473,0.874982,0.852639,0.846988,0.836263,0.86307,0.922351
PLW,Palau,0.068225,0.066702,0.066463,0.066383,0.067216,0.07316,0.066861,0.067857,0.074787,0.077272,0.07857,0.080319,0.082023,0.08197,0.081024,0.064971,0.059909,0.06768,0.062659,0.060998,0.64136,0.847321,1.112645,1.132397,1.172844,0.797118,2.146291,1.568633,1.409374,1.644922,1.626627,1.418639,0.919464,0.907779,1.005402,1.340796,1.735324,1.447962,1.615579,1.536599,1.56509,1.559688,1.51238,1.642125,1.724941,1.827778,1.941028
PAN,Panama,1.693521,1.653146,1.734086,1.894844,1.863342,1.844752,1.801915,1.737745,1.618164,1.709052,1.603178,1.361558,1.509054,1.671698,1.36039,1.263568,1.279233,1.384907,1.041192,1.065822,1.096197,1.239648,1.446777,1.452033,1.516525,1.596598,1.575371,1.626994,1.964667,1.684858,1.712454,2.007459,1.717384,1.720945,1.717829,2.147393,2.227845,2.111487,2.09327,2.372875,2.490189,2.580643,2.729893,2.71328,2.813435,2.85428,2.878353
PNG,Papua New Guinea,0.481007,0.4715,0.409163,0.53928,0.566359,0.565304,0.527753,0.548226,0.701911,0.606846,0.627835,0.730089,0.66533,0.726283,0.69027,0.709679,0.633381,0.644936,0.615178,0.58528,0.582581,0.562402,0.506304,0.485221,0.482176,0.48573,0.474177,0.502845,0.61164,0.50335,0.523155,0.515807,0.613493,0.655129,0.726342,0.789781,0.827399,0.784988,0.845616,0.793054,0.86525,0.913723,0.92931,0.98972,1.028878,1.07139,1.124627
PRY,Paraguay,0.252567,0.249687,0.265717,0.287376,0.271471,0.284079,0.309255,0.428909,0.503048,0.468866,0.4662,0.438245,0.421266,0.397263,0.425121,0.412505,0.428646,0.462007,0.508329,0.495077,0.513208,0.489593,0.573178,0.637214,0.72599,0.802488,0.77667,0.841179,0.862747,0.845384,0.683605,0.694894,0.715621,0.727623,0.722385,0.652697,0.67156,0.682783,0.682872,0.725836,0.808434,0.826924,0.852446,0.832677,0.864998,0.885924,0.891303
PER,Peru,1.292093,1.255341,1.219395,1.265844,1.334695,1.328593,1.320979,1.260653,1.236361,1.260946,1.290038,1.303956,1.255564,1.036636,1.05279,0.996795,1.054725,1.111264,1.104552,0.972625,0.94893,0.901972,0.923138,0.946526,0.955262,1.067906,1.154916,1.132865,1.071141,1.134787,1.108515,1.013926,1.045451,1.014655,1.155504,1.142889,1.116154,1.203434,1.349942,1.431087,1.524168,1.605812,1.585762,1.598559,1.67815,1.698662,1.814241
PHL,Philippines (the),0.708516,0.694471,0.702662,0.784031,0.724184,0.778513,0.760426,0.819983,0.82895,0.868486,0.773875,0.711822,0.699287,0.721116,0.608974,0.568231,0.517329,0.620372,0.638319,0.651476,0.674593,0.651016,0.687251,0.728486,0.772224,0.904958,0.965852,1.055033,1.024312,0.969125,0.955573,0.915591,0.916912,0.923418,0.928566,0.938941,0.833492,0.862616,0.868828,0.863994,0.914504,0.908783,0.896607,0.980571,1.033365,1.107365,1.232259
POL,Poland,9.078577,9.233975,9.563956,9.97938,10.24731,10.61218,11.18423,11.46889,12.02418,11.93133,12.16009,11.06306,11.13392,11.05905,11.42513,11.66802,11.87609,12.27505,11.92812,11.39751,9.439473,9.413982,9.138623,8.754773,8.611559,9.153103,9.530414,9.26119,8.572831,8.306673,8.019102,7.94118,7.648903,7.930883,8.041612,7.988177,8.359895,8.399195,8.271673,7.897493,8.413232,8.262292,7.975523,7.852092,7.539277,7.544067,7.76596
PRT,Portugal,1.865395,1.993863,2.008059,2.21927,2.195326,2.336775,2.44367,2.383446,2.442595,2.696647,2.831576,2.96348,2.981783,3.03398,2.902051,2.77181,3.108562,3.182962,3.330525,4.162545,4.256756,4.43474,4.793708,4.643344,4.791842,5.171674,4.946407,5.152992,5.562837,6.230864,6.118901,6.051539,6.441227,5.903404,6.042522,6.296969,5.722473,5.675425,5.371868,5.354032,4.876079,4.834215,4.600209,4.497584,4.439582,4.937915,4.821427
PRI,Puerto Rico,0.475995,0.502836,0.526522,0.51794,0.497411,0.436281,0.424727,0.383991,0.378104,0.321609,0.299229,0.284407,0.249739,0.238794,0.246398,0.224498,0.222809,0.249974,0.261277,0.281466,0.232286,0.230925,0.223048,0.224376,0.230107,0.232087,0.233714,0.233261,0.226687,0.24631,0.247092,0.23832,0.23856,0.248702,0.251664,0.248779,0.23828,0.220317,0.205386,0.166283,0.17568,0.175743,0.181345,0.186575,0.186106,0.190942,0.194212
QAT,Qatar,120.3359,137.7848,150.4169,156.0748,121.6587,110.9518,97.17602,83.89261,89.21255,80.13429,62.05938,47.00764,45.04092,36.92917,46.86875,40.95893,40.17778,38.31087,37.26173,37.46172,35.28985,36.67538,37.95504,38.51524,40.20101,40.71333,43.25401,51.33776,52.97099,55.87576,52.69194,51.71245,55.45416,54.87986,53.75547,50.07832,48.11034,46.53104,43.55468,40.72505,40.81576,39.073,39.35273,38.43038,38.468,39.21523,38.51754
REU,Reunion,0.28481,0.285738,0.361338,0.326324,0.336121,0.382876,0.456749,0.463028,0.44589,0.550148,0.497863,0.545497,0.507852,0.591375,0.627722,0.641588,0.708437,0.904897,0.916291,0.902613,0.885463,1.035668,0.953534,1.058856,0.71255,0.744307,0.744982,0.742067,0.963309,0.961752,1.076759,1.123778,1.045039,1.076733,1.09591,1.093983,1.145152,1.175841,1.211287,1.165856,1.198933,1.214804,1.24905,1.263244,1.291119,1.267076,1.30153
ROU,Romania,6.315848,6.256601,6.413602,6.924905,6.898781,7.381524,7.981333,8.276147,8.882401,9.027021,8.88108,8.874443,8.787261,8.837869,8.695703,8.614863,8.834436,9.11279,9.251291,8.999985,7.929396,6.443439,5.822687,5.46886,5.389711,5.678403,5.889443,5.449725,4.793875,4.137883,4.36224,4.652146,4.663221,4.966215,4.887073,4.876079,5.107686,5.040963,5.009005,4.125334,4.03967,4.37268,4.423164,3.933693,3.935189,3.89252,3.978324
RUS,Russian Federation (the),10.27537,10.20801,10.61713,11.21426,11.68369,12.40584,12.7289,13.0162,13.70937,13.80196,14.09343,13.99174,14.10122,14.19313,14.26642,14.47266,14.78997,15.07587,15.31827,15.27626,16.07725,15.8467,14.6131,13.33094,11.95988,11.70228,11.4069,10.653,10.74004,11.0611,11.38607,11.43319,11.42617,11.85777,11.9356,11.9202,12.26373,12.27362,12.18786,11.45974,12.03603,12.57994,12.62602,12.41073,11.9043,11.79172,11.54097
RWA,Rwanda,0.067322,0.066033,0.070221,0.069068,0.070135,0.075095,0.070035,0.072764,0.072309,0.072728,0.075007,0.084686,0.083389,0.082352,0.092176,0.096201,0.096577,0.116501,0.106839,0.110024,0.084279,0.094582,0.096039,0.093715,0.092517,0.108268,0.109631,0.127712,0.115347,0.115881,0.102353,0.105343,0.104801,0.10873,0.107017,0.104663,0.10428,0.110265,0.112402,0.107276,0.113956,0.115011,0.118114,0.115223,0.118197,0.117574,0.117907
SHN,"Saint Helena, Ascension and Tristan da Cunha",0.532794,0.52526,0.412503,0.458224,0.486313,0.414795,0.320997,0.610744,0.508966,0.537629,0.575048,0.383351,0.335474,0.537142,0.474704,0.525715,0.580763,0.816337,0.915407,0.935318,1.720267,0.989773,0.948894,1.199171,1.042309,1.103323,0.663947,0.728907,0.731119,0.787738,2.196425,1.510613,1.571094,1.739552,2.061022,2.267014,2.029259,2.377715,2.487523,2.534596,2.747578,2.892532,2.955261,2.990255,3.132698,3.174347,3.249541
KNA,Saint Kitts and Nevis,1.262252,1.173458,1.435421,1.393029,1.298229,1.683274,1.662415,1.8208,1.748187,1.67023,1.866201,1.705452,1.776051,1.571023,1.698798,1.607674,1.846187,2.144647,2.320034,2.393347,2.184444,2.362144,2.500969,2.389365,2.623324,2.507312,2.788714,2.983652,2.81299,2.86131,3.215583,3.160959,3.035636,3.069815,3.100356,2.895157,2.864498,2.87587,2.894982,2.92579,3.189282,3.297223,3.274366,3.56108,3.581198,3.683528,3.705029
LCA,Saint Lucia,0.745193,0.739559,0.965541,1.039979,0.912372,1.124756,0.95451,1.054067,0.948902,0.933459,1.005396,0.974785,1.0388,1.033234,1.087174,1.099057,1.20221,1.423497,1.566374,1.609498,1.57297,1.54709,1.533935,1.446069,1.627449,1.636076,1.65047,1.635871,1.823431,1.889833,2.310969,2.404113,2.290629,2.359248,2.546375,2.490932,2.505468,2.632,2.648133,2.687961,2.787972,2.950223,2.947785,3.223974,3.272735,3.384873,3.416752
SPM,Saint Pierre and Miquelon,0.150668,0.14913,0.15794,0.188991,0.175743,0.236816,0.231508,0.250522,0.261069,0.242233,0.348439,0.363147,0.384231,0.396527,0.41816,0.415591,0.388662,0.487322,0.538256,0.583001,0.580356,0.602882,0.58968,0.584308,0.621894,0.647578,0.650912,0.703311,0.992605,1.123675,1.098844,1.107736,1.018559,1.007298,1.051581,1.061722,1.062018,1.098878,1.072254,1.120859,1.1813,1.1829,1.194699,1.315796,1.33356,1.384774,1.401247
VCT,Saint Vincent and the Grenadines,0.444847,0.439754,0.534347,0.56808,0.529103,0.650223,0.584554,0.625427,0.595236,0.58069,0.68892,0.714557,0.709626,0.736035,0.765408,0.774615,0.847235,1.016433,1.062676,1.287501,1.285344,1.261661,1.275042,1.21755,1.586787,1.634025,1.658744,1.68817,2.048436,2.13137,2.2305,2.30701,2.234988,2.293059,2.40066,2.354248,2.348868,2.491416,2.486993,2.554223,2.707678,2.806509,2.820402,3.102284,3.149149,3.275425,3.29467
WSM,Samoa,0.196647,0.191923,0.167046,0.181933,0.195593,0.20258,0.196056,0.243159,0.445072,0.389082,0.337208,1.037587,0.543405,0.651139,0.867085,0.795042,0.559799,0.646531,0.646187,0.57165,0.590925,0.613251,0.621173,0.607505,0.539903,0.571487,0.653902,0.627076,0.662919,0.635693,0.73912,0.755475,0.656172,0.662242,0.635224,0.634832,0.580801,0.508297,0.526047,0.578717,0.618547,0.659016,0.678132,0.731978,0.772109,0.817282,0.871483
STP,Sao Tome and Principe,0.069982,0.068389,0.070804,0.073327,0.073669,0.076658,0.119669,0.124361,0.132061,0.15842,0.172393,0.177429,0.143923,0.152305,0.149901,0.159327,0.187328,0.245408,0.180948,0.155215,0.254302,0.278134,0.256119,0.240651,0.164755,0.176433,0.178747,0.191197,0.182149,0.183456,0.243704,0.251707,0.251141,0.252858,0.246924,0.250072,0.257877,0.270029,0.276456,0.269839,0.282173,0.288461,0.28497,0.279389,0.284393,0.279387,0.280925
SAU,Saudi Arabia,7.357942,8.64757,10.73303,13.85793,13.87428,10.91317,12.85634,13.27647,13.65678,15.51517,18.18631,16.05596,15.64994,14.61522,10.515,10.13592,9.615548,10.00164,10.34274,10.02338,10.30239,10.25077,10.74101,10.9846,11.60781,11.54939,11.95398,11.88511,12.21944,12.22603,12.55074,12.78582,12.99558,13.20772,12.63052,12.83497,13.0874,13.40577,14.06851,14.67688,15.38164,15.53682,15.59166,15.52399,16.07418,16.21365,16.00865
SEN,Senegal,0.314515,0.305103,0.313885,0.328384,0.341627,0.362237,0.370383,0.383676,0.366068,0.395279,0.398894,0.382617,0.356546,0.344023,0.357019,0.358754,0.332176,0.32492,0.30246,0.308508,0.310597,0.302804,0.323108,0.306115,0.304354,0.313142,0.329266,0.353367,0.386364,0.415594,0.407588,0.459423,0.459691,0.42275,0.469549,0.506855,0.482179,0.52025,0.503043,0.512777,0.533386,0.566175,0.535202,0.556637,0.548974,0.530248,0.535539
SRB,Serbia and Montenegro,2.845036,2.836786,2.873278,3.119117,3.271725,3.413572,3.584613,3.75307,4.026586,4.251516,4.192012,4.911342,5.101568,5.552476,5.722756,5.986052,6.230326,5.942194,6.218585,6.165384,6.545672,5.42249,4.949558,4.302804,3.928393,4.439733,5.195103,5.714942,5.763926,4.133568,5.006402,5.435322,5.809141,6.214454,6.676686,6.179098,6.459286,6.312748,6.303192,5.891181,6.042056,6.541595,6.47444,6.60732,5.63472,5.921951,6.075883
SYC,Seychelles,0.405782,0.395056,0.357654,0.37929,0.375781,0.341289,0.94992,0.909649,0.954919,1.304437,1.578655,1.380085,1.049276,1.939801,1.937218,2.119528,2.457016,3.379624,3.811378,3.208791,2.66113,3.12619,2.714112,2.57621,1.320239,1.397459,1.438342,1.601923,1.653326,1.659015,2.217849,2.455197,3.439053,3.350417,3.321365,3.564609,4.247654,4.543958,4.660678,4.77814,5.030542,5.246473,5.222248,5.204547,5.383266,5.404674,5.516907
SLE,Sierra Leone,0.126832,0.122047,0.139433,0.124185,0.124505,0.136749,0.146215,0.143796,0.141572,0.171948,0.172391,0.172182,0.168368,0.164901,0.145859,0.158764,0.171277,0.215614,0.210863,0.191589,0.159294,0.184376,0.142098,0.140656,0.128441,0.137552,0.15182,0.158635,0.153421,0.15384,0.155853,0.159029,0.156438,0.162552,0.158764,0.153976,0.157997,0.164242,0.168878,0.160438,0.171821,0.174679,0.174726,0.170083,0.172822,0.169904,0.171937
SGP,Singapore,3.168964,3.120022,3.664559,4.010981,4.11451,4.081158,4.381615,4.79803,5.45086,5.786656,5.711835,6.059598,6.175685,6.546284,6.483791,6.535016,6.578564,6.530127,7.299779,7.590848,10.10187,10.40783,10.48847,11.75785,12.01181,12.50138,12.77204,12.48471,12.15405,12.70643,12.48569,12.16892,11.38355,11.50944,9.255071,9.013338,9.092608,9.205319,9.111556,8.520871,8.999723,8.668712,8.509008,8.456195,8.091624,8.515378,8.608854
SVK,Slovakia,10.39319,10.29513,10.38526,10.57903,10.6208,10.83002,10.88444,11.20652,11.71354,11.80308,12.45006,12.06636,11.62042,11.47345,11.82278,11.69873,11.11306,11.41905,11.54603,11.40872,11.45705,9.894251,9.216896,8.905366,8.453901,8.511206,8.540596,8.538882,8.330645,8.264278,7.945479,7.903614,7.831523,7.876596,7.834452,7.944874,7.936199,7.72395,7.730155,7.000223,7.594732,7.141525,6.983617,7.056784,6.619939,6.652202,6.767875
SVN,Slovenia,4.855038,4.793267,4.841672,5.433845,5.776124,5.409669,5.558427,5.799037,6.334273,6.661368,6.160411,6.215952,6.306831,6.97953,6.155021,6.129749,6.491522,5.523872,7.602596,8.130507,7.645796,7.087943,6.822776,7.241475,7.350208,7.819241,8.264398,8.515678,8.392496,8.088174,7.923619,8.789134,8.860653,8.725857,8.826637,8.852225,9.025749,8.950127,9.371688,8.374721,8.381771,7.864487,7.769158,7.438863,6.743064,6.949136,7.078173
SLB,Solomon Islands,0.230917,0.225422,0.190432,0.210387,0.225466,0.225624,0.216913,0.259568,0.480705,0.410468,0.312709,0.582284,0.406763,0.447604,0.421341,0.384438,0.338923,0.355399,0.38607,0.362146,0.355829,0.347842,0.317202,0.304227,0.309862,0.317044,0.322811,0.292086,0.29457,0.301018,0.340982,0.340221,0.307811,0.311759,0.332219,0.326626,0.321274,0.308584,0.343461,0.380192,0.429922,0.456705,0.466979,0.498536,0.517596,0.543198,0.570531
SOM,Somalia,0.094932,0.09441,0.108857,0.107013,0.111868,0.116453,0.118923,0.113012,0.107136,0.119731,0.109925,0.116787,0.107648,0.107405,0.10588,0.107336,0.122328,0.150879,0.1122,0.110759,0.08908,0.083502,0.081467,0.082517,0.092065,0.093813,0.091509,0.103669,0.092474,0.093731,0.090852,0.091554,0.087708,0.093321,0.092045,0.088867,0.08619,0.091028,0.092963,0.086585,0.091064,0.092637,0.092098,0.09013,0.090894,0.088969,0.088702
ZAF,South Africa,8.028414,7.743136,7.823337,8.285516,8.335867,8.740933,9.044236,8.790174,7.786383,7.796993,7.892526,8.007213,7.653989,7.163411,7.445383,7.331202,7.027695,7.330311,7.149729,7.133392,7.136508,6.836993,6.716717,6.615805,6.625376,6.789275,6.917329,7.174324,7.189719,6.66925,6.720149,6.319534,6.544137,7.062439,7.464462,7.614608,7.650588,7.978426,8.392579,7.830017,7.850886,7.407376,7.254184,7.417175,7.489942,7.097056,6.974247
ESP,Spain and Andorra,4.159084,4.011831,4.315014,4.6227,4.921674,5.02637,5.463305,5.187519,5.078069,5.337928,5.568451,5.668792,5.453754,5.506793,5.195591,5.001556,5.073383,5.081194,5.18167,5.647006,5.746395,5.927319,6.12537,5.752041,5.983915,6.273829,6.007917,6.471215,6.646123,7.162721,7.477778,7.388985,7.72064,7.760065,8.010497,8.242922,7.907298,8.079577,7.286612,6.36431,6.025519,6.023017,5.814988,5.277855,5.24966,5.603258,5.440439
LKA,Sri Lanka,0.245982,0.245774,0.287432,0.29312,0.247754,0.213304,0.214608,0.226007,0.26359,0.279628,0.274848,0.278372,0.313101,0.315684,0.270361,0.241894,0.236314,0.268389,0.253633,0.237781,0.239279,0.247013,0.305373,0.294995,0.335432,0.335584,0.471031,0.466509,0.478769,0.525357,0.599145,0.590923,0.612522,0.660225,0.676403,0.736698,0.652769,0.712572,0.672856,0.651131,0.708971,0.748484,0.756177,0.654114,0.773664,0.821274,0.887245
SDN,Sudan (the) and South Sudan,0.241145,0.233621,0.244105,0.308448,0.280987,0.210227,0.197585,0.201222,0.177231,0.175665,0.199289,0.186815,0.186409,0.183644,0.159379,0.1825,0.174419,0.130596,0.183488,0.161273,0.210244,0.182875,0.16834,0.116406,0.167485,0.152453,0.144908,0.171528,0.150471,0.160897,0.175563,0.186716,0.224291,0.219255,0.240715,0.264328,0.31791,0.338763,0.349041,0.353025,0.360588,0.364686,0.35058,0.343767,0.332029,0.32945,0.334606
SUR,Suriname,4.380221,4.25167,4.769513,5.39529,4.474046,5.652706,5.234246,5.624204,5.958588,5.288932,5.275413,4.790566,4.221643,3.289422,3.118098,3.639345,3.658391,3.812075,3.515537,3.55889,4.050829,4.016793,3.839816,3.491962,3.392275,3.503955,3.495428,3.334086,3.457814,3.337201,3.610461,3.865862,3.900677,3.931742,3.749363,3.648651,3.655078,3.701494,3.598891,3.623079,3.776103,4.008694,4.006322,3.895798,3.89741,3.8806,3.858303
SWZ,Swaziland,1.008741,0.980549,0.824394,1.006731,1.061577,0.952976,0.74114,0.77635,1.048553,1.160224,0.879593,0.825345,0.594409,0.373708,0.348797,0.467617,0.434065,0.61823,0.405334,0.335049,0.288344,0.278256,0.216262,0.199933,0.165998,0.17644,0.16717,0.185556,0.181399,0.226986,0.350447,0.388328,0.38796,0.396319,0.399915,0.414966,0.442263,0.456431,0.464091,0.461163,0.483256,0.493104,0.488085,0.481331,0.488941,0.485479,0.490725
SWE,Sweden,11.83249,10.85044,10.85625,11.05895,10.15323,10.30971,11.10971,10.64112,9.952633,10.27912,9.369553,8.470311,7.743973,7.061612,6.991477,7.445897,7.621272,7.358547,7.101947,6.729827,6.613506,6.645485,6.882181,6.813835,7.051213,6.993537,7.59418,6.86213,7.023331,6.906585,6.46878,6.454038,6.573872,6.603482,6.414562,6.039497,5.961422,5.631336,5.366793,4.93544,5.520581,4.984967,4.786817,4.589984,4.524287,4.389347,4.542115
CHE,Switzerland and Liechtenstein,6.742417,6.994917,7.063072,7.563353,6.770306,6.348962,6.619621,6.714808,6.919584,6.722055,6.85406,6.458488,6.090958,6.694728,6.575042,7.031244,6.985427,6.701683,6.669544,6.592416,6.881049,7.114019,7.03106,6.593765,6.382851,6.444008,6.507212,6.257087,6.487501,6.465854,6.320057,6.422199,6.243201,6.382821,6.399144,6.433911,6.304453,5.977008,6.105459,5.836331,5.992162,5.398473,5.341427,5.398347,4.859329,4.879708,4.722254
SYR,Syrian Arab Republic,0.983368,0.956953,0.89026,0.816893,1.077736,1.220112,1.352189,1.435862,1.420129,1.75602,1.588994,1.723947,1.974075,2.251103,2.436683,2.133048,2.150911,2.597908,2.491612,2.330827,2.606389,2.766255,2.651365,2.638823,2.716903,2.752771,2.864972,2.781094,2.905152,2.800911,2.775805,2.663098,2.676771,2.622367,2.714434,3.192422,3.241974,3.292555,3.246521,2.963557,2.923663,2.690423,2.575546,2.027975,1.926876,1.999434,2.06819
TWN,Taiwan (Province of China),2.436837,2.4054,2.640384,2.886137,2.788928,2.963023,3.448341,3.645258,4.061328,4.222257,4.575133,4.141485,4.018422,4.215116,4.256393,4.180318,4.765662,4.981877,5.705346,6.122604,6.163002,6.551085,6.884253,7.328266,7.668514,8.052777,8.423521,9.028435,9.453455,9.789644,10.587,10.71726,11.05093,11.38922,11.69087,11.97172,12.2871,12.33963,11.74292,11.09197,11.79149,11.698,11.6741,11.77129,11.75467,11.55505,11.72563
TJK,Tajikistan,2.561887,2.497098,2.55269,2.599628,2.636412,2.770911,2.764696,2.757162,2.754071,2.749665,2.786613,2.716756,2.644856,2.59669,2.494182,2.523789,2.531789,2.492858,2.456426,2.405443,2.307052,2.151576,1.564083,1.025721,0.621011,0.518919,0.452857,0.495527,0.525385,0.485954,0.435015,0.420781,0.422061,0.423317,0.495562,0.461989,0.495279,0.564816,0.510668,0.472283,0.473731,0.461835,0.449192,0.52158,0.671908,0.68453,0.692985
TZA,"Tanzania, United Republic of",0.112706,0.110158,0.12415,0.125261,0.110956,0.10023,0.093892,0.092961,0.093933,0.09615,0.091784,0.089981,0.079119,0.075416,0.075941,0.077869,0.079783,0.078664,0.079702,0.077758,0.079481,0.08188,0.073061,0.074412,0.071169,0.095632,0.110132,0.098554,0.084595,0.076708,0.086103,0.090058,0.100335,0.103341,0.113251,0.141465,0.146762,0.138668,0.14099,0.130714,0.138295,0.159099,0.178693,0.177571,0.175789,0.176145,0.175028
THA,Thailand,0.485315,0.473199,0.520762,0.570739,0.55643,0.556446,0.620746,0.671709,0.728954,0.758628,0.779661,0.752135,0.712441,0.778192,0.838923,0.926198,0.935034,1.05981,1.189487,1.363281,1.634284,1.787528,1.937767,2.172392,2.409515,2.701794,3.001161,3.023578,2.638314,2.726872,2.702891,2.818665,2.965918,3.078037,3.344282,3.440005,3.466943,3.527948,3.546019,3.4191,3.610506,3.691099,3.804383,3.93662,3.843996,3.884956,3.933819
TLS,Timor-Leste,0.082055,0.080482,0.077854,0.076348,0.077819,0.083374,0.075049,0.079448,0.178585,0.142409,0.099101,0.105243,0.108211,0.111151,0.110483,0.095619,0.086316,0.093065,0.087224,0.085528,0.083284,0.082848,0.072975,0.067927,0.078521,0.091309,0.084273,0.074569,0.132649,0.23302,0.308968,0.197184,0.173758,0.171011,0.382514,0.222786,0.221541,0.179528,0.193714,0.236205,0.250442,0.283164,0.481153,0.463274,0.397082,0.382057,0.390305
TGO,Togo,0.162635,0.168443,0.184261,0.158013,0.142482,0.162097,0.140515,0.181063,0.192571,0.209837,0.187678,0.175942,0.1915,0.134227,0.143994,0.131158,0.188808,0.198492,0.188507,0.185757,0.197779,0.178729,0.133055,0.099909,0.178373,0.171434,0.255589,0.18639,0.222348,0.279093,0.25069,0.219156,0.226809,0.265297,0.247521,0.229448,0.207555,0.200372,0.256057,0.258254,0.272966,0.342488,0.31527,0.323699,0.313613,0.296639,0.305065
TON,Tonga,0.067549,0.066203,0.066417,0.065437,0.066547,0.072583,0.066301,0.06785,0.074693,0.077056,0.078134,0.080176,0.082128,0.081698,0.081331,0.065193,0.060401,0.067994,0.063255,0.061739,0.602913,0.813845,1.091461,1.136189,1.208985,0.841202,2.313969,1.722202,1.57402,1.867816,1.864338,1.633435,1.060419,1.044896,1.161239,1.543673,1.990413,1.669702,1.850257,1.745521,1.791604,1.795831,1.804976,1.969123,2.068424,2.212416,2.349302
TTO,Trinidad and Tobago,6.65005,6.550003,6.581364,6.734816,6.44285,5.722146,6.503862,7.192902,7.540871,7.39447,7.83347,8.245643,9.120793,9.474846,9.748385,9.799155,9.759759,9.881696,10.63633,10.55152,10.39197,10.49601,10.6982,10.17039,10.89166,10.75666,11.72437,12.05715,13.57112,14.5121,17.29639,18.89774,19.97663,21.57374,21.95893,26.47286,28.33852,30.55441,29.78087,28.45758,30.96781,27.4943,25.48579,27.06245,27.26403,27.33575,25.71637
TUN,Tunisia,0.831832,0.817485,0.89742,0.883802,0.953939,0.950467,0.992445,1.090233,1.184956,1.365106,1.467175,1.474203,1.392799,1.574795,1.593245,1.604417,1.607562,1.588481,1.656194,1.747896,1.779566,1.793094,1.862399,1.896081,1.870773,1.880041,1.907847,1.943714,1.999586,2.082443,2.167326,2.23165,2.192394,2.153739,2.263414,2.299159,2.349612,2.399579,2.418763,2.3652,2.415459,2.247189,2.333099,2.319609,2.450184,2.580364,2.578593
TUR,Turkey,1.280572,1.372271,1.553351,1.647729,1.678137,1.776796,1.92709,2.074598,2.005149,1.810486,1.844889,1.811254,1.921666,1.981146,2.052711,2.185126,2.325526,2.513744,2.386829,2.57966,2.773236,2.772535,2.799263,2.870619,2.813276,3.018095,3.244392,3.360515,3.348924,3.257494,3.5898,3.215419,3.335943,3.456784,3.511769,3.624521,3.953338,4.287275,4.267541,4.144586,4.260124,4.444958,4.525653,4.268184,4.482679,4.466871,4.630475
TKM,Turkmenistan,8.720409,8.504868,8.803683,9.026509,9.26665,9.798378,10.09139,10.21446,10.34494,10.4535,10.87848,11.0187,11.16209,11.29638,11.47042,11.77409,11.81662,11.84437,11.86806,11.79594,12.40253,10.2301,7.331236,6.764032,8.283338,8.212862,7.321332,7.170931,7.356624,8.570476,8.651281,8.885173,9.380758,10.38042,10.73039,11.0065,11.29927,12.35412,12.80764,10.95634,12.12617,12.98035,13.12182,13.08491,13.04074,14.14407,14.00693
TCA,Turks and Caicos Islands (the),0.196962,0.193508,0.194864,0.199287,0.212567,0.270748,0.285877,0.280279,0.299818,0.287785,0.38065,0.387542,0.389166,0.393261,0.414857,0.401974,0.403574,0.583688,0.551031,0.588075,0.583589,1.064958,0.942267,0.997461,1.013108,0.972359,0.674135,0.736313,1.096904,1.185721,1.253344,1.280437,1.214389,1.235725,1.335632,1.338707,1.364799,1.600132,1.571707,1.65035,1.78388,1.734253,1.713054,1.844603,1.839226,1.879708,1.875386
UGA,Uganda,0.025379,0.02539,0.023303,0.023014,0.023047,0.021448,0.031494,0.03393,0.033087,0.035171,0.038449,0.036083,0.033092,0.031701,0.031602,0.032417,0.035562,0.042063,0.046244,0.042654,0.086268,0.102159,0.099682,0.101166,0.116683,0.117182,0.115103,0.131386,0.119339,0.120825,0.11242,0.114756,0.110399,0.118187,0.115288,0.112508,0.108273,0.113298,0.121919,0.113234,0.120807,0.123782,0.123846,0.122028,0.122648,0.120332,0.120711
UKR,Ukraine,10.10343,10.03407,10.53941,11.29231,11.78768,11.96232,12.89423,12.92918,14.45975,14.67575,15.02124,14.35799,14.45191,14.65414,14.71692,14.73608,15.28593,16.02928,16.12895,16.0978,15.29864,14.32261,12.58504,11.00419,9.138843,9.054229,7.785952,7.549664,7.277763,7.318696,7.333605,7.366232,7.439361,7.983054,7.644739,7.517984,7.617333,7.824287,7.506747,6.233826,6.746938,7.09065,6.942292,6.767116,5.972966,4.82981,5.252705
ARE,United Arab Emirates (the),74.52202,81.58336,74.54007,80.64724,68.32795,59.49568,63.31318,55.80667,56.1901,36.98294,37.16697,32.57315,30.89637,28.35741,36.44178,36.06483,33.46168,32.91207,30.44,32.13877,30.39125,32.64804,29.70313,29.61238,30.93173,31.39457,33.1312,31.07105,30.70719,29.96157,29.70661,28.21388,29.8256,29.5821,28.29406,25.98084,24.06323,22.60315,23.06263,21.35282,20.69547,20.38472,21.04397,21.36449,21.43384,22.89653,23.6018
GBR,United Kingdom of Great Britain and Northern Ireland (the),12.13728,11.94266,11.52187,12.06927,11.27633,10.92395,11.01179,11.19027,11.16135,11.79072,10.72407,10.36754,10.12615,9.975305,9.656457,10.10239,10.31596,10.39283,10.36531,10.09579,10.06702,10.19938,9.929913,9.625828,9.53454,9.365557,9.646486,9.240187,9.264041,9.149064,9.225049,9.436021,9.110215,9.281403,9.227768,9.140475,9.076119,8.824519,8.509318,7.565586,7.732508,7.058255,7.185328,6.973025,6.313904,6.008355,5.590583
USA,United States of America (the),21.83507,21.09099,22.05794,22.72427,21.75722,20.60437,21.74672,22.2746,22.0555,21.93377,20.77258,20.29337,19.03756,18.76206,19.39812,19.33295,19.0321,19.53068,20.18902,20.27193,19.58751,19.27058,19.4075,19.62468,19.70592,19.68517,20.0471,20.44128,20.2462,20.11052,20.60461,20.21352,19.77075,19.86214,19.84711,19.75285,19.13961,19.22296,18.49164,16.96017,17.67064,17.13365,16.31459,16.38949,16.53585,15.98258,15.56424
URY,Uruguay,1.942694,1.929624,2.09317,1.974708,1.91387,2.025406,2.079116,2.024619,2.03988,2.192766,1.952535,1.748898,1.612237,1.280787,1.144808,1.062963,1.039814,1.163753,1.473822,1.577973,1.242791,1.401338,1.526365,1.432612,1.336215,1.455729,1.688856,1.703193,1.754462,2.050769,1.632002,1.496711,1.379117,1.366574,1.708592,1.637713,1.917011,1.772513,2.329447,2.368612,1.953653,2.327551,2.346021,2.035509,1.79296,1.861753,1.891864
UZB,Uzbekistan,4.028717,3.925619,4.055512,4.159851,4.324125,4.675769,4.624683,4.686104,4.727462,4.771062,4.975607,5.04789,5.132471,5.180169,5.20609,5.332907,5.399488,5.477177,5.484941,5.423479,5.982592,6.003212,5.517987,5.394826,5.051376,4.412383,4.393532,4.399996,4.928279,4.898092,4.853061,4.844184,5.002843,4.751277,4.579352,4.352848,4.435675,4.390724,4.317208,3.836422,3.740479,3.940644,3.947133,3.492313,3.473002,3.471917,3.482399
VUT,Vanuatu,0.279565,0.27203,0.23599,0.254917,0.28731,0.282761,0.290074,0.444083,0.770746,0.695446,0.499546,0.7475,0.540263,0.552398,0.521912,0.561408,0.493577,0.531177,0.534226,0.432699,0.431996,0.370189,0.256558,0.248664,0.249615,0.259498,0.26592,0.240006,0.246059,0.253314,0.33364,0.337186,0.294069,0.299358,0.314521,0.314047,0.296988,0.266963,0.299675,0.330083,0.383297,0.407898,0.420551,0.447841,0.463846,0.484845,0.510021
VEN,Venezuela (Bolivarian Republic of),5.179663,4.948761,4.875727,5.453635,5.242346,4.85445,5.072302,5.124077,5.314903,5.886682,6.249009,6.108381,6.02971,5.815533,5.746524,5.622965,5.512771,5.360292,5.290008,5.467545,5.547313,5.387244,5.394265,5.584398,5.51796,5.833067,6.027316,6.169271,6.278376,5.530298,5.749856,5.886531,5.545447,5.222768,5.413697,6.017022,6.062724,5.381775,6.528442,6.392497,6.755179,5.904625,6.566044,6.137498,6.056903,5.746608,5.565957
VNM,Viet Nam,0.394934,0.383684,0.364737,0.396577,0.320455,0.366876,0.25796,0.274134,0.281072,0.288412,0.294668,0.295812,0.312648,0.328208,0.321717,0.316904,0.33935,0.370865,0.354352,0.296602,0.294076,0.287079,0.29603,0.340264,0.38943,0.442145,0.48945,0.559656,0.616702,0.624239,0.682142,0.745482,0.870306,0.917576,1.078193,1.171798,1.193365,1.30944,1.433578,1.603364,1.742135,1.802862,1.819267,1.880419,2.01648,2.199227,2.178035
VGB,Virgin Islands (British),1.292611,1.273942,1.748184,1.871329,1.612723,2.018044,1.649908,1.863647,1.636917,1.579374,1.605005,2.758094,2.515405,2.619419,2.469932,2.069563,2.433215,2.638395,2.809122,2.955594,2.79855,2.666425,2.703347,2.444551,2.53358,2.5406,2.782043,2.504532,2.548416,2.555533,2.631897,2.681661,2.56745,2.747874,2.862283,2.752118,2.678148,2.932199,2.86544,2.864739,2.977658,3.021302,2.969094,3.198364,3.191935,3.264938,3.249571
ESH,Western Sahara,0.102183,0.10254,0.112912,0.106665,0.11255,0.105077,0.198434,0.152103,0.153791,0.244963,0.287616,0.283795,0.209569,0.203774,0.187494,0.220222,0.25661,0.446145,0.324331,0.264769,0.465969,0.504131,0.428279,0.387088,0.242154,0.267163,0.266137,0.27875,0.274117,0.267526,0.337811,0.345796,0.323116,0.310097,0.306365,0.312905,0.32649,0.344255,0.358823,0.360413,0.380203,0.391185,0.388311,0.382129,0.389628,0.38461,0.385142
WORLD,World,4.258756,4.15558,4.276626,4.442425,4.347161,4.253867,4.413518,4.465842,4.526003,4.574055,4.44345,4.283845,4.156651,4.104924,4.162184,4.141688,4.138508,4.195567,4.266923,4.267158,4.214841,4.169532,4.090655,4.054987,4.039757,4.109051,4.129952,4.128656,4.096209,4.079304,4.170604,4.161408,4.181679,4.309898,4.448748,4.557681,4.647433,4.759622,4.735201,4.62939,4.829541,4.90874,4.8827,4.913044,4.896238,4.826818,4.79628
YEM,Yemen,0.240851,0.2387,0.277835,0.337204,0.327912,0.30609,0.362836,0.355807,0.378083,0.39142,0.480806,0.465376,0.503749,0.533554,0.525016,0.539422,0.550611,0.581375,0.597903,0.595729,0.567485,0.681719,0.703115,0.602047,0.65577,0.705725,0.695252,0.726203,0.752233,0.824124,0.855049,0.888809,0.867794,0.977771,0.998745,1.042985,1.051499,1.137265,1.111451,1.17595,1.145865,0.925885,0.895113,1.157756,1.016836,0.938293,0.929275
ZMB,Zambia,0.873051,0.881044,0.942622,0.975597,0.945692,0.947727,0.913158,0.797647,0.736623,0.643665,0.618519,0.54704,0.513274,0.484516,0.461752,0.444085,0.443067,0.424166,0.447976,0.450624,0.360333,0.364662,0.354716,0.309978,0.257676,0.248404,0.20285,0.249726,0.231066,0.183449,0.181363,0.177596,0.180582,0.188853,0.187933,0.194359,0.218892,0.14323,0.147933,0.157462,0.167542,0.190791,0.235305,0.244006,0.265929,0.251904,0.253328
ZWE,Zimbabwe,1.858699,1.789765,1.647278,1.845004,1.733521,1.478716,1.586796,1.391898,1.298899,1.296953,1.33916,1.234586,1.139672,1.08752,1.101445,1.226751,1.358225,1.677329,1.569324,1.542303,1.680215,1.814931,1.774597,1.597011,1.468556,1.420836,1.345059,1.240699,1.237461,1.373135,1.151585,1.103233,1.025539,0.892616,0.818821,0.883,0.801321,0.771926,0.581654,0.622646,0.675992,0.722225,0.728726,0.72037,0.698475,0.664591,0.62115
